{"version": "1", "message": "ERROR: Hidden Testcases server unreachable.", "problem_id": "ads2_m2_a1_1", "user_id": "GundetiGnanika-20186026", "score": {"sample": {"0": {"execution_time": 0.6144406795501709, "passed": true}, "1": {"execution_time": 0.4072725772857666, "passed": true}, "2": {"execution_time": 0.38670825958251953, "passed": true}, "3": {"execution_time": 0.40202760696411133, "passed": true}, "4": {"execution_time": 0.4510500431060791, "passed": true}, "5": {"execution_time": 0.5631680488586426, "passed": true}, "6": {"execution_time": 0.46753907203674316, "passed": true}, "7": {"execution_time": 0.3947138786315918, "passed": true}, "8": {"execution_time": 0.45844054222106934, "passed": true}, "9": {"execution_time": 0.4646949768066406, "passed": true}, "10": {"execution_time": 0.33547139167785645, "passed": true}, "11": {"execution_time": 0.5444326400756836, "passed": true}, "12": {"execution_time": 0.35059595108032227, "passed": true}, "13": {"execution_time": 0.5472714900970459, "passed": true}, "14": {"execution_time": 0.37154698371887207, "passed": true}, "15": {"execution_time": 0.439300537109375, "passed": true}, "16": {"execution_time": 0.3903038501739502, "passed": true}, "17": {"execution_time": 0.5460727214813232, "passed": true}, "18": {"execution_time": 0.46806859970092773, "passed": true}, "19": {"execution_time": 0.5655739307403564, "passed": true}, "20": {"execution_time": 0.5800457000732422, "passed": true}, "21": {"execution_time": 0.42471837997436523, "passed": true}, "22": {"execution_time": 0.7774703502655029, "passed": true}, "23": {"execution_time": 0.7160027027130127, "passed": true}}}, "check_style_score": "0/1"}