{"version": "1", "message": "ERROR: Hidden Testcases server unreachable.", "problem_id": "ads2_m2_a1_1", "user_id": "GundetiGnanika-20186026", "score": {"sample": {"0": {"execution_time": 0.2966148853302002, "passed": true}, "1": {"execution_time": 0.49057865142822266, "passed": true}, "2": {"execution_time": 0.6464645862579346, "passed": true}, "3": {"execution_time": 0.4383668899536133, "passed": true}, "4": {"execution_time": 0.5418939590454102, "passed": true}, "5": {"execution_time": 0.43012547492980957, "passed": true}, "6": {"execution_time": 0.48792171478271484, "passed": true}, "7": {"execution_time": 0.3882765769958496, "passed": true}, "8": {"execution_time": 0.472165584564209, "passed": true}, "9": {"execution_time": 0.3788435459136963, "passed": true}, "10": {"execution_time": 0.4844241142272949, "passed": true}, "11": {"execution_time": 0.4229590892791748, "passed": true}, "12": {"execution_time": 0.4237062931060791, "passed": true}, "13": {"execution_time": 0.4350159168243408, "passed": true}, "14": {"execution_time": 0.6033189296722412, "passed": true}, "15": {"execution_time": 0.5345664024353027, "passed": true}, "16": {"execution_time": 0.5139737129211426, "passed": true}, "17": {"execution_time": 0.5292961597442627, "passed": true}, "18": {"execution_time": 0.6333615779876709, "passed": true}, "19": {"execution_time": 0.43751049041748047, "passed": true}, "20": {"execution_time": 0.392728328704834, "passed": true}, "21": {"execution_time": 0.46341800689697266, "passed": true}, "22": {"execution_time": 0.8430142402648926, "passed": true}, "23": {"execution_time": 0.77866530418396, "passed": true}}}, "check_style_score": "1/1"}