{"version": "1", "message": "ERROR: Hidden Testcases server unreachable.", "problem_id": "ads2_m2_a1_1", "user_id": "GundetiGnanika-20186026", "score": {"sample": {"0": {"execution_time": 0.3145792484283447, "passed": true}, "1": {"execution_time": 0.4951028823852539, "passed": true}, "2": {"execution_time": 0.3845665454864502, "passed": true}, "3": {"execution_time": 0.29198765754699707, "passed": true}, "4": {"execution_time": 0.44775819778442383, "passed": true}, "5": {"execution_time": 0.3807106018066406, "passed": true}, "6": {"execution_time": 0.42218995094299316, "passed": true}, "7": {"execution_time": 0.4575788974761963, "passed": true}, "8": {"execution_time": 0.4075798988342285, "passed": true}, "9": {"execution_time": 0.5253310203552246, "passed": true}, "10": {"execution_time": 0.40093326568603516, "passed": true}, "11": {"execution_time": 0.4469337463378906, "passed": true}, "12": {"execution_time": 0.4111297130584717, "passed": true}, "13": {"execution_time": 0.4885435104370117, "passed": true}, "14": {"execution_time": 0.46791911125183105, "passed": true}, "15": {"execution_time": 0.4630143642425537, "passed": true}, "16": {"execution_time": 0.5010972023010254, "passed": true}, "17": {"execution_time": 0.521010160446167, "passed": true}, "18": {"execution_time": 0.5388672351837158, "passed": true}, "19": {"execution_time": 0.5765330791473389, "passed": true}, "20": {"execution_time": 0.6233546733856201, "passed": true}, "21": {"execution_time": 0.5190606117248535, "passed": true}, "22": {"execution_time": 0.724787712097168, "passed": true}, "23": {"execution_time": 0.8724832534790039, "passed": true}}}, "check_style_score": "0/1"}