{"version": "1", "message": "ERROR: Hidden Testcases server unreachable.", "problem_id": "ads2_m2_a1_1", "user_id": "GundetiGnanika-20186026", "score": {"sample": {"0": {"execution_time": 0.7258915901184082, "passed": true}, "1": {"execution_time": 0.4832603931427002, "passed": true}, "2": {"execution_time": 0.40375185012817383, "passed": true}, "3": {"execution_time": 0.5307750701904297, "passed": true}, "4": {"execution_time": 0.49643707275390625, "passed": true}, "5": {"execution_time": 0.47973012924194336, "passed": true}, "6": {"execution_time": 0.31914710998535156, "passed": true}, "7": {"execution_time": 0.41815757751464844, "passed": true}, "8": {"execution_time": 0.46978235244750977, "passed": true}, "9": {"execution_time": 0.5181920528411865, "passed": true}, "10": {"execution_time": 0.47217822074890137, "passed": true}, "11": {"execution_time": 0.5385582447052002, "passed": true}, "12": {"execution_time": 0.3836207389831543, "passed": true}, "13": {"execution_time": 0.43128037452697754, "passed": true}, "14": {"execution_time": 0.5991322994232178, "passed": true}, "15": {"execution_time": 0.5249981880187988, "passed": true}, "16": {"execution_time": 0.5526633262634277, "passed": true}, "17": {"execution_time": 0.5425634384155273, "passed": true}, "18": {"execution_time": 0.6335687637329102, "passed": true}, "19": {"execution_time": 0.6009178161621094, "passed": true}, "20": {"execution_time": 0.7053563594818115, "passed": true}, "21": {"execution_time": 0.3717007637023926, "passed": true}, "22": {"execution_time": 0.7301864624023438, "passed": true}, "23": {"execution_time": 1.0625982284545898, "passed": true}}}, "check_style_score": "1/1"}