{"version": "1", "message": "ERROR: Hidden Testcases server unreachable.", "problem_id": "ads2_m2_a1_1", "user_id": "GundetiGnanika-20186026", "score": {"sample": {"0": {"execution_time": 0.3916654586791992, "passed": true}, "1": {"execution_time": 0.43549633026123047, "passed": true}, "2": {"execution_time": 0.3722419738769531, "passed": true}, "3": {"execution_time": 0.40636134147644043, "passed": true}, "4": {"execution_time": 0.3638169765472412, "passed": true}, "5": {"execution_time": 0.5192897319793701, "passed": true}, "6": {"execution_time": 0.4295058250427246, "passed": true}, "7": {"execution_time": 0.4879891872406006, "passed": true}, "8": {"execution_time": 0.40758347511291504, "passed": true}, "9": {"execution_time": 0.39053916931152344, "passed": true}, "10": {"execution_time": 0.5508956909179688, "passed": true}, "11": {"execution_time": 0.41701459884643555, "passed": true}, "12": {"execution_time": 0.38761401176452637, "passed": true}, "13": {"execution_time": 0.4082813262939453, "passed": true}, "14": {"execution_time": 0.3338015079498291, "passed": true}, "15": {"execution_time": 0.5173590183258057, "passed": true}, "16": {"execution_time": 0.45201897621154785, "passed": true}, "17": {"execution_time": 0.5175037384033203, "passed": true}, "18": {"execution_time": 0.36626672744750977, "passed": true}, "19": {"execution_time": 0.3886594772338867, "passed": true}, "20": {"execution_time": 0.4305903911590576, "passed": true}, "21": {"execution_time": 0.4144015312194824, "passed": true}, "22": {"execution_time": 0.8997204303741455, "passed": true}, "23": {"execution_time": 0.5018575191497803, "passed": true}}}, "check_style_score": "0/1"}