{"version": "1", "message": "ERROR: Hidden Testcases server unreachable.", "problem_id": "ads2_m2_a1_1", "user_id": "GundetiGnanika-20186026", "score": {"sample": {"0": {"execution_time": 0.540529727935791, "passed": false}, "1": {"execution_time": 0.4489579200744629, "passed": false}, "2": {"execution_time": 0.42984962463378906, "passed": false}, "3": {"execution_time": 0.3860006332397461, "passed": false}, "4": {"execution_time": 0.4052298069000244, "passed": false}, "5": {"execution_time": 0.5100750923156738, "passed": false}, "6": {"execution_time": 0.392333984375, "passed": false}, "7": {"execution_time": 0.381727933883667, "passed": false}, "8": {"execution_time": 0.41275954246520996, "passed": false}, "9": {"execution_time": 0.43938279151916504, "passed": false}, "10": {"execution_time": 0.43856000900268555, "passed": false}, "11": {"execution_time": 0.4371957778930664, "passed": false}, "12": {"execution_time": 0.4170217514038086, "passed": false}, "13": {"execution_time": 0.3564314842224121, "passed": false}, "14": {"execution_time": 0.5353333950042725, "passed": false}, "15": {"execution_time": 0.44692420959472656, "passed": false}, "16": {"execution_time": 0.5857250690460205, "passed": false}, "17": {"execution_time": 0.3952913284301758, "passed": false}, "18": {"execution_time": 0.5031194686889648, "passed": false}, "19": {"execution_time": 0.3264751434326172, "passed": false}, "20": {"execution_time": 0.5435516834259033, "passed": false}, "21": {"execution_time": 0.33884191513061523, "passed": false}, "22": {"execution_time": 0.8500456809997559, "passed": false}, "23": {"execution_time": 0.8159360885620117, "passed": false}}}, "check_style_score": "0/1"}