{"version": "1", "message": "ERROR: Hidden Testcases server unreachable.", "problem_id": "ads2_m2_a1_1", "user_id": "GundetiGnanika-20186026", "score": {"sample": {"0": {"execution_time": 0.4595212936401367, "passed": false}, "1": {"execution_time": 0.40810441970825195, "passed": false}, "2": {"execution_time": 0.41944217681884766, "passed": false}, "3": {"execution_time": 0.5268313884735107, "passed": false}, "4": {"execution_time": 0.4140291213989258, "passed": false}, "5": {"execution_time": 0.33373045921325684, "passed": false}, "6": {"execution_time": 0.42301297187805176, "passed": false}, "7": {"execution_time": 0.27362942695617676, "passed": false}, "8": {"execution_time": 0.39445948600769043, "passed": false}, "9": {"execution_time": 0.34588170051574707, "passed": false}, "10": {"execution_time": 0.5063209533691406, "passed": false}, "11": {"execution_time": 0.6337094306945801, "passed": false}, "12": {"execution_time": 0.5131831169128418, "passed": false}, "13": {"execution_time": 0.42026472091674805, "passed": false}, "14": {"execution_time": 0.510899543762207, "passed": false}, "15": {"execution_time": 0.41594982147216797, "passed": false}, "16": {"execution_time": 0.2322986125946045, "passed": false}, "17": {"execution_time": 0.5224957466125488, "passed": false}, "18": {"execution_time": 0.6197235584259033, "passed": false}, "19": {"execution_time": 0.5140588283538818, "passed": false}, "20": {"execution_time": 0.654475212097168, "passed": false}, "21": {"execution_time": 0.4508838653564453, "passed": false}, "22": {"execution_time": 0.7038042545318604, "passed": false}, "23": {"execution_time": 0.6196670532226562, "passed": false}}}, "check_style_score": "0/1"}