{"version": "1", "message": "ERROR: Hidden Testcases server unreachable.", "problem_id": "ads2_m2_a1_1", "user_id": "GundetiGnanika-20186026", "score": {"sample": {"0": {"execution_time": 0.3124048709869385, "passed": true}, "1": {"execution_time": 0.3964083194732666, "passed": true}, "2": {"execution_time": 0.4015674591064453, "passed": true}, "3": {"execution_time": 0.46309471130371094, "passed": true}, "4": {"execution_time": 0.3667104244232178, "passed": true}, "5": {"execution_time": 0.38933539390563965, "passed": true}, "6": {"execution_time": 0.40032505989074707, "passed": true}, "7": {"execution_time": 0.5137488842010498, "passed": true}, "8": {"execution_time": 0.4097249507904053, "passed": true}, "9": {"execution_time": 0.5444283485412598, "passed": true}, "10": {"execution_time": 0.28453755378723145, "passed": true}, "11": {"execution_time": 0.3776578903198242, "passed": true}, "12": {"execution_time": 0.28281378746032715, "passed": true}, "13": {"execution_time": 0.4739818572998047, "passed": true}, "14": {"execution_time": 0.46164536476135254, "passed": true}, "15": {"execution_time": 0.5765178203582764, "passed": true}, "16": {"execution_time": 0.5283823013305664, "passed": true}, "17": {"execution_time": 0.4873535633087158, "passed": true}, "18": {"execution_time": 0.4294743537902832, "passed": true}, "19": {"execution_time": 0.5421411991119385, "passed": true}, "20": {"execution_time": 0.6202964782714844, "passed": true}, "21": {"execution_time": 0.40244221687316895, "passed": true}, "22": {"execution_time": 0.7837748527526855, "passed": true}, "23": {"execution_time": 0.6779742240905762, "passed": true}}}, "check_style_score": "0/1"}