{"version": "1", "message": "ERROR: Hidden Testcases server unreachable.", "problem_id": "ads2_m2_a1_1", "user_id": "GundetiGnanika-20186026", "score": {"sample": {"0": {"execution_time": 0.35134410858154297, "passed": true}, "1": {"execution_time": 0.4000358581542969, "passed": true}, "2": {"execution_time": 0.5802896022796631, "passed": true}, "3": {"execution_time": 0.5176641941070557, "passed": true}, "4": {"execution_time": 0.5442814826965332, "passed": true}, "5": {"execution_time": 0.5095102787017822, "passed": true}, "6": {"execution_time": 0.366605281829834, "passed": true}, "7": {"execution_time": 0.3958098888397217, "passed": true}, "8": {"execution_time": 0.39389848709106445, "passed": true}, "9": {"execution_time": 0.580883264541626, "passed": true}, "10": {"execution_time": 0.40105724334716797, "passed": true}, "11": {"execution_time": 0.5758402347564697, "passed": true}, "12": {"execution_time": 0.5353753566741943, "passed": true}, "13": {"execution_time": 0.48915576934814453, "passed": true}, "14": {"execution_time": 0.4734377861022949, "passed": true}, "15": {"execution_time": 0.6083629131317139, "passed": true}, "16": {"execution_time": 0.39014363288879395, "passed": true}, "17": {"execution_time": 0.6242470741271973, "passed": true}, "18": {"execution_time": 0.4907112121582031, "passed": true}, "19": {"execution_time": 0.4457094669342041, "passed": true}, "20": {"execution_time": 0.4371609687805176, "passed": true}, "21": {"execution_time": 0.6083741188049316, "passed": true}, "22": {"execution_time": 0.6342110633850098, "passed": true}, "23": {"execution_time": 0.5601942539215088, "passed": true}}}, "check_style_score": "0/1"}