{"version": "1", "message": "ERROR: Hidden Testcases server unreachable.", "problem_id": "ads2_m2_a1_1", "user_id": "GundetiGnanika-20186026", "score": {"sample": {"0": {"execution_time": 0.27670955657958984, "passed": true}, "1": {"execution_time": 0.44501781463623047, "passed": true}, "2": {"execution_time": 0.43064117431640625, "passed": true}, "3": {"execution_time": 0.42073655128479004, "passed": true}, "4": {"execution_time": 0.40179991722106934, "passed": true}, "5": {"execution_time": 0.2749207019805908, "passed": true}, "6": {"execution_time": 0.4803149700164795, "passed": true}, "7": {"execution_time": 0.39397192001342773, "passed": true}, "8": {"execution_time": 0.34808921813964844, "passed": true}, "9": {"execution_time": 0.39198970794677734, "passed": true}, "10": {"execution_time": 0.43729352951049805, "passed": true}, "11": {"execution_time": 0.2547574043273926, "passed": true}, "12": {"execution_time": 0.48783111572265625, "passed": true}, "13": {"execution_time": 0.33818626403808594, "passed": true}, "14": {"execution_time": 0.48722147941589355, "passed": true}, "15": {"execution_time": 0.572124719619751, "passed": true}, "16": {"execution_time": 0.46202802658081055, "passed": true}, "17": {"execution_time": 0.4965555667877197, "passed": true}, "18": {"execution_time": 0.5811386108398438, "passed": true}, "19": {"execution_time": 0.4890437126159668, "passed": true}, "20": {"execution_time": 0.43309712409973145, "passed": true}, "21": {"execution_time": 0.3989400863647461, "passed": true}, "22": {"execution_time": 0.6773867607116699, "passed": true}, "23": {"execution_time": 0.8130583763122559, "passed": true}}}, "check_style_score": "1/1"}