{"version": "1", "message": "ERROR: Hidden Testcases server unreachable.", "problem_id": "ads2_m4_a1_1", "user_id": "GundetiGnanika-20186026", "score": {"sample": {"0": {"execution_time": 0.5134243965148926, "passed": true}, "1": {"execution_time": 0.26067066192626953, "passed": false}, "2": {"execution_time": 0.35674190521240234, "passed": false}, "3": {"execution_time": 0.3604590892791748, "passed": false}, "4": {"execution_time": 0.2762289047241211, "passed": false}, "5": {"execution_time": 0.22739601135253906, "passed": false}, "6": {"execution_time": 0.19141173362731934, "passed": false}, "7": {"execution_time": 0.21985459327697754, "passed": false}, "8": {"execution_time": 0.7990915775299072, "passed": true}, "9": {"execution_time": 0.2061755657196045, "passed": false}, "10": {"execution_time": 0.24939441680908203, "passed": false}, "11": {"execution_time": 0.22630000114440918, "passed": true}, "12": {"execution_time": 0.21618413925170898, "passed": true}, "13": {"execution_time": 1.1774356365203857, "passed": false}, "14": {"execution_time": 0.26845812797546387, "passed": true}}}, "check_style_score": "0/1"}