{"version": "1", "message": "ERROR: Hidden Testcases server unreachable.", "problem_id": "ads2_m4_a1_1", "user_id": "GundetiGnanika-20186026", "score": {"sample": {"0": {"execution_time": 0.3001995086669922, "passed": true}, "1": {"execution_time": 0.24328017234802246, "passed": true}, "2": {"execution_time": 0.2688431739807129, "passed": true}, "3": {"execution_time": 0.2759261131286621, "passed": true}, "4": {"execution_time": 0.21715497970581055, "passed": true}, "5": {"execution_time": 0.2030797004699707, "passed": true}, "6": {"execution_time": 0.20977497100830078, "passed": true}, "7": {"execution_time": 0.21889495849609375, "passed": true}, "8": {"execution_time": 0.24452829360961914, "passed": true}, "9": {"execution_time": 0.18841981887817383, "passed": true}, "10": {"execution_time": 0.18451833724975586, "passed": true}, "11": {"execution_time": 0.17624950408935547, "passed": true}, "12": {"execution_time": 0.17939543724060059, "passed": true}, "13": {"execution_time": 1.1183533668518066, "passed": true}, "14": {"execution_time": 0.17801642417907715, "passed": true}}}, "check_style_score": "0/1"}