{"version": "1", "message": "ERROR: Hidden Testcases server unreachable.", "problem_id": "ads2_m4_a1_1", "user_id": "GundetiGnanika-20186026", "score": {"sample": {"0": {"execution_time": 0.2689850330352783, "passed": true}, "1": {"execution_time": 0.29402852058410645, "passed": true}, "2": {"execution_time": 0.3313436508178711, "passed": true}, "3": {"execution_time": 0.31092357635498047, "passed": true}, "4": {"execution_time": 0.23160767555236816, "passed": true}, "5": {"execution_time": 0.23975563049316406, "passed": true}, "6": {"execution_time": 0.24109601974487305, "passed": true}, "7": {"execution_time": 0.22747468948364258, "passed": true}, "8": {"execution_time": 0.2257528305053711, "passed": true}, "9": {"execution_time": 0.20745563507080078, "passed": true}, "10": {"execution_time": 0.19605112075805664, "passed": true}, "11": {"execution_time": 0.18916893005371094, "passed": true}, "12": {"execution_time": 0.2274782657623291, "passed": true}, "13": {"execution_time": 1.0898451805114746, "passed": true}, "14": {"execution_time": 0.17667365074157715, "passed": true}}}, "check_style_score": "0/1"}