{"version": "1", "message": "ERROR: Hidden Testcases server unreachable.", "problem_id": "ads2_m4_a1_1", "user_id": "GundetiGnanika-20186026", "score": {"sample": {"0": {"execution_time": 0.4584636688232422, "passed": true}, "1": {"execution_time": 0.6232025623321533, "passed": true}, "2": {"execution_time": 0.576042890548706, "passed": true}, "3": {"execution_time": 0.5606110095977783, "passed": true}, "4": {"execution_time": 0.4285469055175781, "passed": true}, "5": {"execution_time": 0.5522191524505615, "passed": true}, "6": {"execution_time": 0.5574970245361328, "passed": true}, "7": {"execution_time": 0.3335998058319092, "passed": true}, "8": {"execution_time": 0.5642602443695068, "passed": true}, "9": {"execution_time": 0.37613797187805176, "passed": true}, "10": {"execution_time": 0.37756776809692383, "passed": true}, "11": {"execution_time": 0.405031681060791, "passed": true}, "12": {"execution_time": 0.38333630561828613, "passed": true}, "13": {"execution_time": 1.4209580421447754, "passed": true}, "14": {"execution_time": 0.22841334342956543, "passed": true}}}, "check_style_score": "1/1"}