{"version": "1", "message": "ERROR: Hidden Testcases server unreachable.", "problem_id": "ads2_m4_a1_1", "user_id": "GundetiGnanika-20186026", "score": {"sample": {"0": {"execution_time": 0.3298940658569336, "passed": true}, "1": {"execution_time": 0.4157404899597168, "passed": true}, "2": {"execution_time": 0.40949177742004395, "passed": true}, "3": {"execution_time": 0.6230666637420654, "passed": true}, "4": {"execution_time": 0.5439960956573486, "passed": true}, "5": {"execution_time": 0.4921746253967285, "passed": true}, "6": {"execution_time": 0.49750375747680664, "passed": true}, "7": {"execution_time": 0.4501063823699951, "passed": true}, "8": {"execution_time": 0.4584791660308838, "passed": true}, "9": {"execution_time": 0.4375138282775879, "passed": true}, "10": {"execution_time": 0.5322785377502441, "passed": true}, "11": {"execution_time": 0.536649227142334, "passed": true}, "12": {"execution_time": 0.5948419570922852, "passed": true}, "13": {"execution_time": 1.6163914203643799, "passed": true}, "14": {"execution_time": 0.5128738880157471, "passed": true}}}, "check_style_score": "1/1"}