{"version": "1", "message": "ERROR: Hidden Testcases server unreachable.", "problem_id": "ads2_m4_a1_1", "user_id": "GundetiGnanika-20186026", "score": {"sample": {"0": {"execution_time": 0.7793107032775879, "passed": true}, "1": {"execution_time": 0.5227515697479248, "passed": true}, "2": {"execution_time": 0.6009767055511475, "passed": true}, "3": {"execution_time": 0.6133830547332764, "passed": true}, "4": {"execution_time": 0.6751830577850342, "passed": true}, "5": {"execution_time": 0.5713417530059814, "passed": true}, "6": {"execution_time": 0.7186744213104248, "passed": true}, "7": {"execution_time": 0.5758843421936035, "passed": true}, "8": {"execution_time": 0.3164184093475342, "passed": true}, "9": {"execution_time": 0.5782265663146973, "passed": true}, "10": {"execution_time": 0.42583155632019043, "passed": true}, "11": {"execution_time": 0.37572669982910156, "passed": true}, "12": {"execution_time": 0.5008158683776855, "passed": true}, "13": {"execution_time": 1.3821370601654053, "passed": true}, "14": {"execution_time": 0.46074557304382324, "passed": true}}}, "check_style_score": "1/1"}