{"version": "1", "message": "ERROR: Hidden Testcases server unreachable.", "problem_id": "ads2_m4_a1_1", "user_id": "GundetiGnanika-20186026", "score": {"sample": {"0": {"execution_time": 0.27663493156433105, "passed": true}, "1": {"execution_time": 0.23324322700500488, "passed": true}, "2": {"execution_time": 0.31641268730163574, "passed": true}, "3": {"execution_time": 0.3120579719543457, "passed": true}, "4": {"execution_time": 0.1957862377166748, "passed": true}, "5": {"execution_time": 0.20986461639404297, "passed": true}, "6": {"execution_time": 0.2636098861694336, "passed": true}, "7": {"execution_time": 0.20630502700805664, "passed": true}, "8": {"execution_time": 0.2271120548248291, "passed": true}, "9": {"execution_time": 0.18959903717041016, "passed": true}, "10": {"execution_time": 0.18884921073913574, "passed": true}, "11": {"execution_time": 0.18018150329589844, "passed": false}, "12": {"execution_time": 0.1873321533203125, "passed": false}, "13": {"execution_time": 1.2016828060150146, "passed": true}, "14": {"execution_time": 0.1804344654083252, "passed": true}}}, "check_style_score": "0/1"}