{"version": "1", "message": "ERROR: Hidden Testcases server unreachable.", "problem_id": "ads2_m4_a1_1", "user_id": "GundetiGnanika-20186026", "score": {"sample": {"0": {"execution_time": 0.52638840675354, "passed": true}, "1": {"execution_time": 0.5342662334442139, "passed": true}, "2": {"execution_time": 0.47931456565856934, "passed": true}, "3": {"execution_time": 0.5953080654144287, "passed": true}, "4": {"execution_time": 0.49391698837280273, "passed": true}, "5": {"execution_time": 0.6586058139801025, "passed": true}, "6": {"execution_time": 0.5722107887268066, "passed": true}, "7": {"execution_time": 0.5617098808288574, "passed": true}, "8": {"execution_time": 0.4754629135131836, "passed": true}, "9": {"execution_time": 0.5218780040740967, "passed": true}, "10": {"execution_time": 0.4443044662475586, "passed": true}, "11": {"execution_time": 0.4650917053222656, "passed": true}, "12": {"execution_time": 0.3755521774291992, "passed": true}, "13": {"execution_time": 1.3149008750915527, "passed": true}, "14": {"execution_time": 0.43528103828430176, "passed": true}}}, "check_style_score": "1/1"}