{"version": "1", "message": "ERROR: Hidden Testcases server unreachable.", "problem_id": "ads2_m4_a1_1", "user_id": "GundetiGnanika-20186026", "score": {"sample": {"0": {"execution_time": 0.60184645652771, "passed": true}, "1": {"execution_time": 0.5397918224334717, "passed": true}, "2": {"execution_time": 0.7272369861602783, "passed": true}, "3": {"execution_time": 0.6484866142272949, "passed": true}, "4": {"execution_time": 0.6620943546295166, "passed": true}, "5": {"execution_time": 0.5087611675262451, "passed": true}, "6": {"execution_time": 0.7172117233276367, "passed": true}, "7": {"execution_time": 0.4428737163543701, "passed": true}, "8": {"execution_time": 0.8474307060241699, "passed": true}, "9": {"execution_time": 0.4022254943847656, "passed": true}, "10": {"execution_time": 0.4201052188873291, "passed": true}, "11": {"execution_time": 0.5540049076080322, "passed": true}, "12": {"execution_time": 0.5444393157958984, "passed": true}, "13": {"execution_time": 2.230645179748535, "passed": true}, "14": {"execution_time": 0.5287923812866211, "passed": true}}}, "check_style_score": "1/1"}