{"version": "1", "message": "ERROR: Hidden Testcases server unreachable.", "problem_id": "ads2_m4_a1_1", "user_id": "GundetiGnanika-20186026", "score": {"sample": {"0": {"execution_time": 1.5552966594696045, "passed": false}, "1": {"execution_time": 0.6433281898498535, "passed": false}, "2": {"execution_time": 0.5331020355224609, "passed": false}, "3": {"execution_time": 0.6441829204559326, "passed": false}, "4": {"execution_time": 0.501009464263916, "passed": false}, "5": {"execution_time": 0.4982113838195801, "passed": false}, "6": {"execution_time": 0.4437534809112549, "passed": false}, "7": {"execution_time": 0.4703845977783203, "passed": false}, "8": {"execution_time": 0.42992663383483887, "passed": false}, "9": {"execution_time": 0.6272568702697754, "passed": false}, "10": {"execution_time": 0.4903445243835449, "passed": false}, "11": {"execution_time": 0.5666542053222656, "passed": false}, "12": {"execution_time": 0.47516751289367676, "passed": false}, "13": {"execution_time": 1.0862727165222168, "passed": false}, "14": {"execution_time": 0.6204922199249268, "passed": false}}}, "check_style_score": "0/1"}