{"version": "1", "message": "ERROR: Hidden Testcases server unreachable.", "problem_id": "ads2_m4_a1_1", "user_id": "GundetiGnanika-20186026", "score": {"sample": {"0": {"execution_time": 0.26429247856140137, "passed": true}, "1": {"execution_time": 0.22833633422851562, "passed": true}, "2": {"execution_time": 0.2589273452758789, "passed": true}, "3": {"execution_time": 0.25537753105163574, "passed": true}, "4": {"execution_time": 0.23240232467651367, "passed": true}, "5": {"execution_time": 0.19365525245666504, "passed": true}, "6": {"execution_time": 0.1896045207977295, "passed": true}, "7": {"execution_time": 0.19933557510375977, "passed": true}, "8": {"execution_time": 0.2245171070098877, "passed": true}, "9": {"execution_time": 0.17195630073547363, "passed": true}, "10": {"execution_time": 0.17295122146606445, "passed": true}, "11": {"execution_time": 0.17277288436889648, "passed": true}, "12": {"execution_time": 0.1717977523803711, "passed": true}, "13": {"execution_time": 1.1220953464508057, "passed": true}, "14": {"execution_time": 0.17226243019104004, "passed": true}}}, "check_style_score": "0/1"}