{"version": "1", "message": "ERROR: Hidden Testcases server unreachable.", "problem_id": "ads2_m4_a1_1", "user_id": "GundetiGnanika-20186026", "score": {"sample": {"0": {"execution_time": 0.26640772819519043, "passed": true}, "1": {"execution_time": 0.21030426025390625, "passed": false}, "2": {"execution_time": 0.2550830841064453, "passed": false}, "3": {"execution_time": 0.32683229446411133, "passed": false}, "4": {"execution_time": 0.18153142929077148, "passed": false}, "5": {"execution_time": 0.1780693531036377, "passed": false}, "6": {"execution_time": 0.18298649787902832, "passed": false}, "7": {"execution_time": 0.18343496322631836, "passed": false}, "8": {"execution_time": 0.26415348052978516, "passed": true}, "9": {"execution_time": 0.2581207752227783, "passed": true}, "10": {"execution_time": 0.21105217933654785, "passed": true}, "11": {"execution_time": 0.18355011940002441, "passed": true}, "12": {"execution_time": 0.2750842571258545, "passed": true}, "13": {"execution_time": 1.0659735202789307, "passed": false}, "14": {"execution_time": 0.2469015121459961, "passed": true}}}, "check_style_score": "0/1"}