{"version": "1", "message": "ERROR: Hidden Testcases server unreachable.", "problem_id": "ads2_m4_a1_1", "user_id": "GundetiGnanika-20186026", "score": {"sample": {"0": {"execution_time": 0.2812471389770508, "passed": true}, "1": {"execution_time": 0.22101593017578125, "passed": true}, "2": {"execution_time": 0.3249030113220215, "passed": true}, "3": {"execution_time": 0.27221035957336426, "passed": true}, "4": {"execution_time": 0.20252418518066406, "passed": true}, "5": {"execution_time": 0.20609211921691895, "passed": true}, "6": {"execution_time": 0.2098839282989502, "passed": true}, "7": {"execution_time": 0.23138022422790527, "passed": true}, "8": {"execution_time": 0.2518765926361084, "passed": true}, "9": {"execution_time": 0.219451904296875, "passed": true}, "10": {"execution_time": 0.17788195610046387, "passed": true}, "11": {"execution_time": 0.2598698139190674, "passed": true}, "12": {"execution_time": 0.17643237113952637, "passed": true}, "13": {"execution_time": 1.151731252670288, "passed": true}, "14": {"execution_time": 0.17150592803955078, "passed": true}}}, "check_style_score": "0/1"}