{"version": "1", "message": "ERROR: Hidden Testcases server unreachable.", "problem_id": "ads2_m4_a1_1", "user_id": "GundetiGnanika-20186026", "score": {"sample": {"0": {"execution_time": 0.2712740898132324, "passed": true}, "1": {"execution_time": 0.22298717498779297, "passed": true}, "2": {"execution_time": 0.25372934341430664, "passed": true}, "3": {"execution_time": 0.3031890392303467, "passed": true}, "4": {"execution_time": 0.1936492919921875, "passed": true}, "5": {"execution_time": 0.19759225845336914, "passed": true}, "6": {"execution_time": 0.2195749282836914, "passed": true}, "7": {"execution_time": 0.197249174118042, "passed": true}, "8": {"execution_time": 0.2680668830871582, "passed": true}, "9": {"execution_time": 0.1750493049621582, "passed": true}, "10": {"execution_time": 0.3112325668334961, "passed": true}, "11": {"execution_time": 0.17859315872192383, "passed": true}, "12": {"execution_time": 0.17260217666625977, "passed": true}, "13": {"execution_time": 1.09796142578125, "passed": true}, "14": {"execution_time": 0.1784496307373047, "passed": true}}}, "check_style_score": "0/1"}