{"version": "1", "message": "ERROR: Hidden Testcases server unreachable.", "problem_id": "ads2_m4_a1_1", "user_id": "GundetiGnanika-20186026", "score": {"sample": {"0": {"execution_time": 0.26130223274230957, "passed": true}, "1": {"execution_time": 0.20489978790283203, "passed": true}, "2": {"execution_time": 0.25398731231689453, "passed": true}, "3": {"execution_time": 0.26615095138549805, "passed": true}, "4": {"execution_time": 0.3451962471008301, "passed": true}, "5": {"execution_time": 0.1938464641571045, "passed": true}, "6": {"execution_time": 0.19763422012329102, "passed": true}, "7": {"execution_time": 0.19278931617736816, "passed": true}, "8": {"execution_time": 0.22541379928588867, "passed": true}, "9": {"execution_time": 0.22938776016235352, "passed": true}, "10": {"execution_time": 0.1979658603668213, "passed": true}, "11": {"execution_time": 0.20132756233215332, "passed": true}, "12": {"execution_time": 0.17528772354125977, "passed": true}, "13": {"execution_time": 1.0974974632263184, "passed": true}, "14": {"execution_time": 0.2001349925994873, "passed": true}}}, "check_style_score": "0/1"}