{"version": "1", "message": "ERROR: Hidden Testcases server unreachable.", "problem_id": "ads2_m4_a1_1", "user_id": "GundetiGnanika-20186026", "score": {"sample": {"0": {"execution_time": 0.2732694149017334, "passed": true}, "1": {"execution_time": 0.23473358154296875, "passed": true}, "2": {"execution_time": 0.24341392517089844, "passed": true}, "3": {"execution_time": 0.2772331237792969, "passed": true}, "4": {"execution_time": 0.20376038551330566, "passed": true}, "5": {"execution_time": 0.21014070510864258, "passed": true}, "6": {"execution_time": 0.19655179977416992, "passed": true}, "7": {"execution_time": 0.2291247844696045, "passed": true}, "8": {"execution_time": 0.21612262725830078, "passed": true}, "9": {"execution_time": 0.2072887420654297, "passed": true}, "10": {"execution_time": 0.22289705276489258, "passed": true}, "11": {"execution_time": 0.22745990753173828, "passed": true}, "12": {"execution_time": 0.17645597457885742, "passed": true}, "13": {"execution_time": 1.1368308067321777, "passed": true}, "14": {"execution_time": 0.17757821083068848, "passed": true}}}, "check_style_score": "1/1"}