{"version": "1", "message": "ERROR: Hidden Testcases server unreachable.", "problem_id": "ads2_m4_a1_1", "user_id": "GundetiGnanika-20186026", "score": {"sample": {"0": {"execution_time": 0.43439340591430664, "passed": false}, "1": {"execution_time": 0.6133890151977539, "passed": false}, "2": {"execution_time": 0.6024434566497803, "passed": false}, "3": {"execution_time": 0.5365116596221924, "passed": false}, "4": {"execution_time": 0.5458180904388428, "passed": false}, "5": {"execution_time": 0.5939772129058838, "passed": false}, "6": {"execution_time": 0.49851489067077637, "passed": false}, "7": {"execution_time": 0.43387508392333984, "passed": false}, "8": {"execution_time": 0.4377446174621582, "passed": false}, "9": {"execution_time": 0.637601375579834, "passed": false}, "10": {"execution_time": 0.49811625480651855, "passed": false}, "11": {"execution_time": 0.4559488296508789, "passed": false}, "12": {"execution_time": 0.48581528663635254, "passed": false}, "13": {"execution_time": 0.9538447856903076, "passed": false}, "14": {"execution_time": 0.5591051578521729, "passed": false}}}, "check_style_score": "0/1"}