{"version": "1", "message": "ERROR: Hidden Testcases server unreachable.", "problem_id": "ads2_m4_a1_1", "user_id": "GundetiGnanika-20186026", "score": {"sample": {"0": {"execution_time": 0.26628708839416504, "passed": true}, "1": {"execution_time": 0.2412421703338623, "passed": true}, "2": {"execution_time": 0.2570042610168457, "passed": true}, "3": {"execution_time": 0.3038749694824219, "passed": true}, "4": {"execution_time": 0.24252867698669434, "passed": true}, "5": {"execution_time": 0.23293209075927734, "passed": true}, "6": {"execution_time": 0.1944267749786377, "passed": true}, "7": {"execution_time": 0.20357704162597656, "passed": true}, "8": {"execution_time": 0.25127267837524414, "passed": true}, "9": {"execution_time": 0.17359542846679688, "passed": true}, "10": {"execution_time": 0.17485594749450684, "passed": true}, "11": {"execution_time": 0.18076777458190918, "passed": true}, "12": {"execution_time": 0.1805429458618164, "passed": true}, "13": {"execution_time": 1.0182485580444336, "passed": true}, "14": {"execution_time": 0.17710661888122559, "passed": true}}}, "check_style_score": "0/1"}