{"version": "1", "message": "ERROR: Hidden Testcases server unreachable.", "problem_id": "ads2_m4_a1_1", "user_id": "GundetiGnanika-20186026", "score": {"sample": {"0": {"execution_time": 0.5379843711853027, "passed": true}, "1": {"execution_time": 0.5591762065887451, "passed": true}, "2": {"execution_time": 0.5563991069793701, "passed": true}, "3": {"execution_time": 0.47217893600463867, "passed": true}, "4": {"execution_time": 0.4393126964569092, "passed": true}, "5": {"execution_time": 0.41581130027770996, "passed": true}, "6": {"execution_time": 0.5880835056304932, "passed": true}, "7": {"execution_time": 0.5464200973510742, "passed": true}, "8": {"execution_time": 0.4437732696533203, "passed": true}, "9": {"execution_time": 0.33785390853881836, "passed": true}, "10": {"execution_time": 0.617769718170166, "passed": true}, "11": {"execution_time": 0.35508203506469727, "passed": true}, "12": {"execution_time": 0.24947762489318848, "passed": true}, "13": {"execution_time": 1.365807294845581, "passed": true}, "14": {"execution_time": 0.45195436477661133, "passed": true}}}, "check_style_score": "1/1"}