{"version": "1", "message": "ERROR: Hidden Testcases server unreachable.", "problem_id": "ads2_m4_a1_1", "user_id": "GundetiGnanika-20186026", "score": {"sample": {"0": {"execution_time": 1.2543559074401855, "passed": false}, "1": {"execution_time": 0.6946103572845459, "passed": false}, "2": {"execution_time": 0.6858353614807129, "passed": false}, "3": {"execution_time": 0.7642662525177002, "passed": false}, "4": {"execution_time": 0.49130940437316895, "passed": false}, "5": {"execution_time": 0.7152466773986816, "passed": false}, "6": {"execution_time": 0.4069654941558838, "passed": false}, "7": {"execution_time": 0.5395119190216064, "passed": false}, "8": {"execution_time": 0.694446325302124, "passed": false}, "9": {"execution_time": 0.46463918685913086, "passed": true}, "10": {"execution_time": 0.5012102127075195, "passed": true}, "11": {"execution_time": 0.5494606494903564, "passed": true}, "12": {"execution_time": 0.5552952289581299, "passed": true}, "13": {"execution_time": 1.3738093376159668, "passed": false}, "14": {"execution_time": 0.4072577953338623, "passed": true}}}, "check_style_score": "0/1"}