{"version": "1", "message": "ERROR: Hidden Testcases server unreachable.", "problem_id": "ads2_m4_a1_1", "user_id": "GundetiGnanika-20186026", "score": {"sample": {"0": {"execution_time": 0.5798516273498535, "passed": true}, "1": {"execution_time": 0.5795814990997314, "passed": false}, "2": {"execution_time": 0.5806679725646973, "passed": false}, "3": {"execution_time": 0.4989171028137207, "passed": false}, "4": {"execution_time": 0.5499863624572754, "passed": false}, "5": {"execution_time": 0.6035473346710205, "passed": false}, "6": {"execution_time": 0.4259223937988281, "passed": false}, "7": {"execution_time": 0.47293591499328613, "passed": false}, "8": {"execution_time": 0.49416494369506836, "passed": false}, "9": {"execution_time": 0.5642361640930176, "passed": false}, "10": {"execution_time": 0.48259544372558594, "passed": false}, "11": {"execution_time": 0.5794680118560791, "passed": true}, "12": {"execution_time": 0.5108850002288818, "passed": true}, "13": {"execution_time": 1.215820550918579, "passed": false}, "14": {"execution_time": 0.5825855731964111, "passed": false}}}, "check_style_score": "0/1"}