{"version": "1", "message": "ERROR: Hidden Testcases server unreachable.", "problem_id": "ads2_m4_a1_1", "user_id": "GundetiGnanika-20186026", "score": {"sample": {"0": {"execution_time": 0.2533223628997803, "passed": true}, "1": {"execution_time": 0.20245671272277832, "passed": true}, "2": {"execution_time": 0.2678196430206299, "passed": true}, "3": {"execution_time": 0.24476218223571777, "passed": true}, "4": {"execution_time": 0.188812255859375, "passed": true}, "5": {"execution_time": 0.20064425468444824, "passed": true}, "6": {"execution_time": 0.2077805995941162, "passed": true}, "7": {"execution_time": 0.2326953411102295, "passed": true}, "8": {"execution_time": 0.20844745635986328, "passed": true}, "9": {"execution_time": 0.2075028419494629, "passed": true}, "10": {"execution_time": 0.2682816982269287, "passed": true}, "11": {"execution_time": 0.17505216598510742, "passed": true}, "12": {"execution_time": 0.17216086387634277, "passed": true}, "13": {"execution_time": 0.978151798248291, "passed": true}, "14": {"execution_time": 0.17293620109558105, "passed": true}}}, "check_style_score": "1/1"}