{"version": "1", "message": "ERROR: Hidden Testcases server unreachable.", "problem_id": "ads2_m4_a1_1", "user_id": "GundetiGnanika-20186026", "score": {"sample": {"0": {"execution_time": 0.3141603469848633, "passed": true}, "1": {"execution_time": 0.2713134288787842, "passed": true}, "2": {"execution_time": 0.2549724578857422, "passed": true}, "3": {"execution_time": 0.2787613868713379, "passed": true}, "4": {"execution_time": 0.19650769233703613, "passed": true}, "5": {"execution_time": 0.251453161239624, "passed": true}, "6": {"execution_time": 0.19330143928527832, "passed": true}, "7": {"execution_time": 0.1991894245147705, "passed": true}, "8": {"execution_time": 0.21279406547546387, "passed": true}, "9": {"execution_time": 0.1701037883758545, "passed": true}, "10": {"execution_time": 0.17746329307556152, "passed": true}, "11": {"execution_time": 0.17580676078796387, "passed": true}, "12": {"execution_time": 0.19807910919189453, "passed": true}, "13": {"execution_time": 1.0820965766906738, "passed": true}, "14": {"execution_time": 0.19056487083435059, "passed": false}}}, "check_style_score": "1/1"}