{"version": "1", "message": "ERROR: Hidden Testcases server unreachable.", "problem_id": "ads2_m4_a1_1", "user_id": "GundetiGnanika-20186026", "score": {"sample": {"0": {"execution_time": 0.42737746238708496, "passed": true}, "1": {"execution_time": 0.5518708229064941, "passed": true}, "2": {"execution_time": 0.4492301940917969, "passed": true}, "3": {"execution_time": 0.6799111366271973, "passed": true}, "4": {"execution_time": 0.5506138801574707, "passed": true}, "5": {"execution_time": 0.6121959686279297, "passed": true}, "6": {"execution_time": 0.5784921646118164, "passed": true}, "7": {"execution_time": 0.5388126373291016, "passed": true}, "8": {"execution_time": 0.5456137657165527, "passed": true}, "9": {"execution_time": 0.42876219749450684, "passed": true}, "10": {"execution_time": 0.47854089736938477, "passed": true}, "11": {"execution_time": 0.5116229057312012, "passed": true}, "12": {"execution_time": 0.5049080848693848, "passed": true}, "13": {"execution_time": 2.260343313217163, "passed": true}, "14": {"execution_time": 0.45499253273010254, "passed": true}}}, "check_style_score": "1/1"}