{"version": "1", "message": "ERROR: Hidden Testcases server unreachable.", "problem_id": "ads2_m4_a1_1", "user_id": "GundetiGnanika-20186026", "score": {"sample": {"0": {"execution_time": 0.2682805061340332, "passed": true}, "1": {"execution_time": 0.19833040237426758, "passed": false}, "2": {"execution_time": 0.22821855545043945, "passed": false}, "3": {"execution_time": 0.31849241256713867, "passed": false}, "4": {"execution_time": 0.19567394256591797, "passed": false}, "5": {"execution_time": 0.18410825729370117, "passed": false}, "6": {"execution_time": 0.17825722694396973, "passed": false}, "7": {"execution_time": 0.2076101303100586, "passed": false}, "8": {"execution_time": 0.2355973720550537, "passed": true}, "9": {"execution_time": 0.1883687973022461, "passed": true}, "10": {"execution_time": 0.17860913276672363, "passed": true}, "11": {"execution_time": 0.19859766960144043, "passed": true}, "12": {"execution_time": 0.1874866485595703, "passed": true}, "13": {"execution_time": 0.9597618579864502, "passed": false}, "14": {"execution_time": 0.3354465961456299, "passed": true}}}, "check_style_score": "0/1"}