{"version": "1", "message": "ERROR: Hidden Testcases server unreachable.", "problem_id": "ads2_m4_a1_1", "user_id": "GundetiGnanika-20186026", "score": {"sample": {"0": {"execution_time": 0.6768970489501953, "passed": true}, "1": {"execution_time": 0.4956526756286621, "passed": true}, "2": {"execution_time": 0.7727456092834473, "passed": true}, "3": {"execution_time": 0.8171603679656982, "passed": true}, "4": {"execution_time": 0.5271060466766357, "passed": true}, "5": {"execution_time": 0.5503206253051758, "passed": true}, "6": {"execution_time": 0.5219714641571045, "passed": true}, "7": {"execution_time": 0.4780411720275879, "passed": true}, "8": {"execution_time": 0.543677806854248, "passed": true}, "9": {"execution_time": 0.5047729015350342, "passed": true}, "10": {"execution_time": 0.45986366271972656, "passed": true}, "11": {"execution_time": 0.4197049140930176, "passed": true}, "12": {"execution_time": 0.6400291919708252, "passed": true}, "13": {"execution_time": 1.376615047454834, "passed": true}, "14": {"execution_time": 0.5494346618652344, "passed": true}}}, "check_style_score": "1/1"}