{"version": "1", "message": "ERROR: Hidden Testcases server unreachable.", "problem_id": "ads2_m4_a1_1", "user_id": "GundetiGnanika-20186026", "score": {"sample": {"0": {"execution_time": 0.39707183837890625, "passed": false}, "1": {"execution_time": 0.5055248737335205, "passed": true}, "2": {"execution_time": 0.5513648986816406, "passed": true}, "3": {"execution_time": 0.5552670955657959, "passed": true}, "4": {"execution_time": 0.550421953201294, "passed": true}, "5": {"execution_time": 0.4648308753967285, "passed": true}, "6": {"execution_time": 0.49707841873168945, "passed": true}, "7": {"execution_time": 0.5842554569244385, "passed": true}, "8": {"execution_time": 0.43280911445617676, "passed": false}, "9": {"execution_time": 0.43442773818969727, "passed": true}, "10": {"execution_time": 0.38463544845581055, "passed": true}, "11": {"execution_time": 0.5084755420684814, "passed": true}, "12": {"execution_time": 0.5234644412994385, "passed": true}, "13": {"execution_time": 1.394796371459961, "passed": true}, "14": {"execution_time": 0.4153616428375244, "passed": true}}}, "check_style_score": "1/1"}