{"version": "1", "message": "ERROR: Hidden Testcases server unreachable.", "problem_id": "ads2_m4_a1_1", "user_id": "GundetiGnanika-20186026", "score": {"sample": {"0": {"execution_time": 0.5063462257385254, "passed": false}, "1": {"execution_time": 0.593987226486206, "passed": false}, "2": {"execution_time": 0.6997866630554199, "passed": false}, "3": {"execution_time": 0.7218937873840332, "passed": false}, "4": {"execution_time": 0.40749692916870117, "passed": false}, "5": {"execution_time": 0.45952606201171875, "passed": false}, "6": {"execution_time": 0.4954795837402344, "passed": false}, "7": {"execution_time": 0.5825657844543457, "passed": false}, "8": {"execution_time": 0.6589157581329346, "passed": false}, "9": {"execution_time": 0.6526050567626953, "passed": false}, "10": {"execution_time": 0.5556521415710449, "passed": false}, "11": {"execution_time": 0.5265491008758545, "passed": false}, "12": {"execution_time": 0.4768376350402832, "passed": false}, "13": {"execution_time": 1.1304631233215332, "passed": false}, "14": {"execution_time": 0.6344759464263916, "passed": false}}}, "check_style_score": "0/1"}