{"version": "1", "message": "ERROR: Hidden Testcases server unreachable.", "problem_id": "ads2_m4_a1_1", "user_id": "GundetiGnanika-20186026", "score": {"sample": {"0": {"execution_time": 0.5846173763275146, "passed": false}, "1": {"execution_time": 0.48365211486816406, "passed": false}, "2": {"execution_time": 0.7447185516357422, "passed": false}, "3": {"execution_time": 0.5828912258148193, "passed": false}, "4": {"execution_time": 0.44869494438171387, "passed": false}, "5": {"execution_time": 0.5154104232788086, "passed": false}, "6": {"execution_time": 0.5778837203979492, "passed": false}, "7": {"execution_time": 0.34162330627441406, "passed": false}, "8": {"execution_time": 0.49922633171081543, "passed": false}, "9": {"execution_time": 0.6060993671417236, "passed": false}, "10": {"execution_time": 0.4803953170776367, "passed": false}, "11": {"execution_time": 0.4971616268157959, "passed": false}, "12": {"execution_time": 0.5636329650878906, "passed": false}, "13": {"execution_time": 1.4310996532440186, "passed": false}, "14": {"execution_time": 0.5198485851287842, "passed": false}}}, "check_style_score": "0/1"}