{"version": "1", "message": "ERROR: Hidden Testcases server unreachable.", "problem_id": "ads2_m4_a1_1", "user_id": "GundetiGnanika-20186026", "score": {"sample": {"0": {"execution_time": 0.3957388401031494, "passed": true}, "1": {"execution_time": 0.4665079116821289, "passed": true}, "2": {"execution_time": 0.480898380279541, "passed": true}, "3": {"execution_time": 0.350935697555542, "passed": true}, "4": {"execution_time": 0.5591542720794678, "passed": true}, "5": {"execution_time": 0.4390227794647217, "passed": true}, "6": {"execution_time": 0.38049769401550293, "passed": true}, "7": {"execution_time": 0.7853341102600098, "passed": true}, "8": {"execution_time": 0.5381443500518799, "passed": true}, "9": {"execution_time": 0.5161802768707275, "passed": true}, "10": {"execution_time": 0.43651318550109863, "passed": true}, "11": {"execution_time": 0.45346570014953613, "passed": true}, "12": {"execution_time": 0.4608147144317627, "passed": true}, "13": {"execution_time": 2.6738765239715576, "passed": true}, "14": {"execution_time": 0.539121150970459, "passed": true}}}, "check_style_score": "1/1"}