{"version": "1", "message": "ERROR: Hidden Testcases server unreachable.", "problem_id": "ads2_m4_a1_1", "user_id": "GundetiGnanika-20186026", "score": {"sample": {"0": {"execution_time": 0.25831055641174316, "passed": true}, "1": {"execution_time": 0.20808053016662598, "passed": true}, "2": {"execution_time": 0.31826043128967285, "passed": true}, "3": {"execution_time": 0.2565116882324219, "passed": true}, "4": {"execution_time": 0.19152402877807617, "passed": true}, "5": {"execution_time": 0.23116660118103027, "passed": true}, "6": {"execution_time": 0.225297212600708, "passed": true}, "7": {"execution_time": 0.2135016918182373, "passed": true}, "8": {"execution_time": 0.2142925262451172, "passed": true}, "9": {"execution_time": 0.17600727081298828, "passed": true}, "10": {"execution_time": 0.17215871810913086, "passed": true}, "11": {"execution_time": 0.17713499069213867, "passed": true}, "12": {"execution_time": 0.17573952674865723, "passed": true}, "13": {"execution_time": 1.0907330513000488, "passed": true}, "14": {"execution_time": 0.21112966537475586, "passed": true}}}, "check_style_score": "0/1"}