{"version": "1", "message": "ERROR: Hidden Testcases server unreachable.", "problem_id": "ads2_m4_a1_1", "user_id": "GundetiGnanika-20186026", "score": {"sample": {"0": {"execution_time": 0.5092294216156006, "passed": true}, "1": {"execution_time": 0.5642056465148926, "passed": false}, "2": {"execution_time": 0.44599270820617676, "passed": false}, "3": {"execution_time": 0.5914425849914551, "passed": false}, "4": {"execution_time": 0.41412949562072754, "passed": false}, "5": {"execution_time": 0.5413503646850586, "passed": false}, "6": {"execution_time": 0.35820531845092773, "passed": false}, "7": {"execution_time": 0.5132625102996826, "passed": false}, "8": {"execution_time": 0.5355353355407715, "passed": true}, "9": {"execution_time": 0.44436073303222656, "passed": true}, "10": {"execution_time": 0.52854323387146, "passed": true}, "11": {"execution_time": 0.4508192539215088, "passed": true}, "12": {"execution_time": 0.43160319328308105, "passed": true}, "13": {"execution_time": 1.3147015571594238, "passed": false}, "14": {"execution_time": 0.47975611686706543, "passed": true}}}, "check_style_score": "0/1"}