{"version": "1", "message": "ERROR: Hidden Testcases server unreachable.", "problem_id": "ads2_m4_a1_1", "user_id": "GundetiGnanika-20186026", "score": {"sample": {"0": {"execution_time": 0.26628804206848145, "passed": true}, "1": {"execution_time": 0.23064231872558594, "passed": true}, "2": {"execution_time": 0.2634313106536865, "passed": true}, "3": {"execution_time": 0.27530694007873535, "passed": true}, "4": {"execution_time": 0.19360685348510742, "passed": true}, "5": {"execution_time": 0.1934957504272461, "passed": true}, "6": {"execution_time": 0.20263266563415527, "passed": true}, "7": {"execution_time": 0.2128913402557373, "passed": true}, "8": {"execution_time": 0.21617460250854492, "passed": true}, "9": {"execution_time": 0.23079776763916016, "passed": true}, "10": {"execution_time": 0.1868271827697754, "passed": true}, "11": {"execution_time": 0.17829442024230957, "passed": true}, "12": {"execution_time": 0.1756138801574707, "passed": true}, "13": {"execution_time": 0.9698548316955566, "passed": true}, "14": {"execution_time": 0.20168185234069824, "passed": false}}}, "check_style_score": "0/1"}