{"version": "1", "message": "ERROR: Hidden Testcases server unreachable.", "problem_id": "ads2_m4_a1_1", "user_id": "GundetiGnanika-20186026", "score": {"sample": {"0": {"execution_time": 0.39325666427612305, "passed": true}, "1": {"execution_time": 0.5574390888214111, "passed": true}, "2": {"execution_time": 0.48505425453186035, "passed": true}, "3": {"execution_time": 0.42548346519470215, "passed": true}, "4": {"execution_time": 0.503044843673706, "passed": true}, "5": {"execution_time": 0.43642401695251465, "passed": true}, "6": {"execution_time": 0.44278669357299805, "passed": true}, "7": {"execution_time": 0.5328762531280518, "passed": true}, "8": {"execution_time": 0.5009939670562744, "passed": true}, "9": {"execution_time": 0.3744649887084961, "passed": true}, "10": {"execution_time": 0.4392080307006836, "passed": true}, "11": {"execution_time": 0.4781785011291504, "passed": true}, "12": {"execution_time": 0.37026309967041016, "passed": true}, "13": {"execution_time": 1.3153934478759766, "passed": true}, "14": {"execution_time": 0.49981260299682617, "passed": true}}}, "check_style_score": "1/1"}