{"version": "1", "message": "ERROR: Hidden Testcases server unreachable.", "problem_id": "ads2_m4_a1_1", "user_id": "GundetiGnanika-20186026", "score": {"sample": {"0": {"execution_time": 0.3794894218444824, "passed": true}, "1": {"execution_time": 0.6840596199035645, "passed": true}, "2": {"execution_time": 0.4525182247161865, "passed": true}, "3": {"execution_time": 0.6278245449066162, "passed": true}, "4": {"execution_time": 0.48418474197387695, "passed": true}, "5": {"execution_time": 0.3500521183013916, "passed": true}, "6": {"execution_time": 0.6566450595855713, "passed": true}, "7": {"execution_time": 0.62217116355896, "passed": true}, "8": {"execution_time": 0.7106058597564697, "passed": true}, "9": {"execution_time": 0.41800975799560547, "passed": true}, "10": {"execution_time": 0.5095992088317871, "passed": true}, "11": {"execution_time": 0.5357389450073242, "passed": true}, "12": {"execution_time": 0.39246582984924316, "passed": true}, "13": {"execution_time": 1.3939595222473145, "passed": true}, "14": {"execution_time": 0.46596574783325195, "passed": true}}}, "check_style_score": "1/1"}