{"version": "1", "message": "ERROR: Hidden Testcases server unreachable.", "problem_id": "ads2_m4_a1_1", "user_id": "GundetiGnanika-20186026", "score": {"sample": {"0": {"execution_time": 1.357328176498413, "passed": true}, "1": {"execution_time": 0.5461513996124268, "passed": true}, "2": {"execution_time": 0.514453649520874, "passed": true}, "3": {"execution_time": 0.5882749557495117, "passed": true}, "4": {"execution_time": 0.5443093776702881, "passed": true}, "5": {"execution_time": 0.5083954334259033, "passed": true}, "6": {"execution_time": 0.4609954357147217, "passed": true}, "7": {"execution_time": 0.532672643661499, "passed": true}, "8": {"execution_time": 0.5052344799041748, "passed": true}, "9": {"execution_time": 0.529066801071167, "passed": true}, "10": {"execution_time": 0.44152045249938965, "passed": true}, "11": {"execution_time": 0.5200605392456055, "passed": true}, "12": {"execution_time": 0.4205310344696045, "passed": true}, "13": {"execution_time": 1.334336519241333, "passed": true}, "14": {"execution_time": 0.5364422798156738, "passed": true}}}, "check_style_score": "1/1"}