{"version": "1", "message": "ERROR: Hidden Testcases server unreachable.", "problem_id": "ads2_m4_a1_1", "user_id": "GundetiGnanika-20186026", "score": {"sample": {"0": {"execution_time": 0.5499968528747559, "passed": true}, "1": {"execution_time": 0.5689525604248047, "passed": true}, "2": {"execution_time": 0.5566673278808594, "passed": true}, "3": {"execution_time": 0.692054271697998, "passed": true}, "4": {"execution_time": 0.49149155616760254, "passed": true}, "5": {"execution_time": 0.5121729373931885, "passed": true}, "6": {"execution_time": 0.5463309288024902, "passed": true}, "7": {"execution_time": 0.45614099502563477, "passed": true}, "8": {"execution_time": 0.4180424213409424, "passed": true}, "9": {"execution_time": 0.3389453887939453, "passed": true}, "10": {"execution_time": 0.4589049816131592, "passed": true}, "11": {"execution_time": 0.2461857795715332, "passed": true}, "12": {"execution_time": 0.5083673000335693, "passed": true}, "13": {"execution_time": 1.4658353328704834, "passed": true}, "14": {"execution_time": 0.4636392593383789, "passed": true}}}, "check_style_score": "1/1"}