{"version": "1", "message": "ERROR: Hidden Testcases server unreachable.", "problem_id": "ads2_m4_a1_1", "user_id": "GundetiGnanika-20186026", "score": {"sample": {"0": {"execution_time": 0.8131012916564941, "passed": true}, "1": {"execution_time": 0.46824169158935547, "passed": true}, "2": {"execution_time": 0.5644371509552002, "passed": true}, "3": {"execution_time": 0.511211633682251, "passed": true}, "4": {"execution_time": 0.6526789665222168, "passed": true}, "5": {"execution_time": 0.38269639015197754, "passed": true}, "6": {"execution_time": 0.4586200714111328, "passed": true}, "7": {"execution_time": 0.39679431915283203, "passed": true}, "8": {"execution_time": 0.4929625988006592, "passed": true}, "9": {"execution_time": 0.4172828197479248, "passed": true}, "10": {"execution_time": 0.3309178352355957, "passed": true}, "11": {"execution_time": 0.5462644100189209, "passed": true}, "12": {"execution_time": 0.410125732421875, "passed": true}, "13": {"execution_time": 1.5032610893249512, "passed": true}, "14": {"execution_time": 0.5029604434967041, "passed": true}}}, "check_style_score": "1/1"}