{"version": "1", "message": "ERROR: Hidden Testcases server unreachable.", "problem_id": "ads2_m4_a1_1", "user_id": "GundetiGnanika-20186026", "score": {"sample": {"0": {"execution_time": 0.3918333053588867, "passed": true}, "1": {"execution_time": 0.6399610042572021, "passed": true}, "2": {"execution_time": 0.651557207107544, "passed": true}, "3": {"execution_time": 0.6168873310089111, "passed": true}, "4": {"execution_time": 0.4672508239746094, "passed": true}, "5": {"execution_time": 0.6105678081512451, "passed": true}, "6": {"execution_time": 0.5286350250244141, "passed": true}, "7": {"execution_time": 0.27277135848999023, "passed": true}, "8": {"execution_time": 0.5211353302001953, "passed": true}, "9": {"execution_time": 0.571779727935791, "passed": true}, "10": {"execution_time": 0.49286913871765137, "passed": true}, "11": {"execution_time": 0.46361446380615234, "passed": true}, "12": {"execution_time": 0.4851689338684082, "passed": true}, "13": {"execution_time": 1.408006191253662, "passed": true}, "14": {"execution_time": 0.440051794052124, "passed": true}}}, "check_style_score": "1/1"}