{"version": "1", "message": "ERROR: Hidden Testcases server unreachable.", "problem_id": "ads2_m4_a1_1", "user_id": "GundetiGnanika-20186026", "score": {"sample": {"0": {"execution_time": 0.5700957775115967, "passed": true}, "1": {"execution_time": 0.4911162853240967, "passed": true}, "2": {"execution_time": 0.7853684425354004, "passed": true}, "3": {"execution_time": 0.6092689037322998, "passed": true}, "4": {"execution_time": 0.5601437091827393, "passed": true}, "5": {"execution_time": 0.34578394889831543, "passed": true}, "6": {"execution_time": 0.4203298091888428, "passed": true}, "7": {"execution_time": 0.4650115966796875, "passed": true}, "8": {"execution_time": 0.5048916339874268, "passed": true}, "9": {"execution_time": 0.5039339065551758, "passed": true}, "10": {"execution_time": 0.49809980392456055, "passed": true}, "11": {"execution_time": 0.5416300296783447, "passed": true}, "12": {"execution_time": 0.4132676124572754, "passed": true}, "13": {"execution_time": 1.346498727798462, "passed": true}, "14": {"execution_time": 0.4240734577178955, "passed": true}}}, "check_style_score": "1/1"}