{"version": "1", "message": "ERROR: Hidden Testcases server unreachable.", "problem_id": "ads2_m4_a1_1", "user_id": "GundetiGnanika-20186026", "score": {"sample": {"0": {"execution_time": 0.5169944763183594, "passed": true}, "1": {"execution_time": 0.6185812950134277, "passed": true}, "2": {"execution_time": 0.5185339450836182, "passed": true}, "3": {"execution_time": 0.6187653541564941, "passed": true}, "4": {"execution_time": 0.553856611251831, "passed": true}, "5": {"execution_time": 0.7263224124908447, "passed": true}, "6": {"execution_time": 0.5603799819946289, "passed": true}, "7": {"execution_time": 0.6498115062713623, "passed": true}, "8": {"execution_time": 0.520897626876831, "passed": true}, "9": {"execution_time": 0.4418492317199707, "passed": true}, "10": {"execution_time": 0.35590553283691406, "passed": true}, "11": {"execution_time": 0.46759033203125, "passed": true}, "12": {"execution_time": 0.5109751224517822, "passed": true}, "13": {"execution_time": 1.2812669277191162, "passed": true}, "14": {"execution_time": 0.4683558940887451, "passed": true}}}, "check_style_score": "1/1"}