{"version": "1", "message": "ERROR: Hidden Testcases server unreachable.", "problem_id": "ads2_m4_a1_1", "user_id": "GundetiGnanika-20186026", "score": {"sample": {"0": {"execution_time": 0.4241611957550049, "passed": false}, "1": {"execution_time": 0.6023561954498291, "passed": false}, "2": {"execution_time": 0.6183907985687256, "passed": false}, "3": {"execution_time": 0.4758005142211914, "passed": false}, "4": {"execution_time": 0.4109952449798584, "passed": false}, "5": {"execution_time": 0.32846713066101074, "passed": false}, "6": {"execution_time": 0.549889087677002, "passed": false}, "7": {"execution_time": 0.3718593120574951, "passed": false}, "8": {"execution_time": 0.5592367649078369, "passed": false}, "9": {"execution_time": 0.3360176086425781, "passed": false}, "10": {"execution_time": 0.32297778129577637, "passed": false}, "11": {"execution_time": 0.54783034324646, "passed": true}, "12": {"execution_time": 0.4667181968688965, "passed": true}, "13": {"execution_time": 1.3503801822662354, "passed": false}, "14": {"execution_time": 0.4788393974304199, "passed": false}}}, "check_style_score": "1/1"}