{"version": "1", "message": "ERROR: Hidden Testcases server unreachable.", "problem_id": "ads2_m4_a1_1", "user_id": "GundetiGnanika-20186026", "score": {"sample": {"0": {"execution_time": 0.3168673515319824, "passed": false}, "1": {"execution_time": 0.5308327674865723, "passed": false}, "2": {"execution_time": 0.5021307468414307, "passed": false}, "3": {"execution_time": 0.5912487506866455, "passed": false}, "4": {"execution_time": 0.5476746559143066, "passed": false}, "5": {"execution_time": 0.5272595882415771, "passed": false}, "6": {"execution_time": 0.4904613494873047, "passed": false}, "7": {"execution_time": 0.5069925785064697, "passed": false}, "8": {"execution_time": 0.37714624404907227, "passed": false}, "9": {"execution_time": 0.6910827159881592, "passed": false}, "10": {"execution_time": 0.5148494243621826, "passed": false}, "11": {"execution_time": 0.4161245822906494, "passed": true}, "12": {"execution_time": 0.41008496284484863, "passed": true}, "13": {"execution_time": 1.3674452304840088, "passed": false}, "14": {"execution_time": 0.583662748336792, "passed": false}}}, "check_style_score": "1/1"}