{"version": "1", "message": "ERROR: Hidden Testcases server unreachable.", "problem_id": "ads2_m4_a1_1", "user_id": "GundetiGnanika-20186026", "score": {"sample": {"0": {"execution_time": 0.3658566474914551, "passed": true}, "1": {"execution_time": 0.5319080352783203, "passed": true}, "2": {"execution_time": 0.6086061000823975, "passed": true}, "3": {"execution_time": 0.5062780380249023, "passed": true}, "4": {"execution_time": 0.6460864543914795, "passed": true}, "5": {"execution_time": 0.5287230014801025, "passed": true}, "6": {"execution_time": 0.46956968307495117, "passed": true}, "7": {"execution_time": 0.9267537593841553, "passed": true}, "8": {"execution_time": 0.6368751525878906, "passed": true}, "9": {"execution_time": 0.4596719741821289, "passed": true}, "10": {"execution_time": 0.44643282890319824, "passed": true}, "11": {"execution_time": 0.5021717548370361, "passed": true}, "12": {"execution_time": 0.7272560596466064, "passed": true}, "13": {"execution_time": 2.3941245079040527, "passed": true}, "14": {"execution_time": 0.5295753479003906, "passed": true}}}, "check_style_score": "1/1"}