{"version": "1", "message": "ERROR: Hidden Testcases server unreachable.", "problem_id": "ads2_m4_a1_1", "user_id": "GundetiGnanika-20186026", "score": {"sample": {"0": {"execution_time": 0.4252967834472656, "passed": true}, "1": {"execution_time": 0.6879312992095947, "passed": true}, "2": {"execution_time": 0.6954169273376465, "passed": true}, "3": {"execution_time": 0.6231784820556641, "passed": true}, "4": {"execution_time": 0.5242483615875244, "passed": true}, "5": {"execution_time": 0.4246518611907959, "passed": true}, "6": {"execution_time": 0.5067965984344482, "passed": true}, "7": {"execution_time": 0.7444121837615967, "passed": true}, "8": {"execution_time": 0.541579008102417, "passed": true}, "9": {"execution_time": 0.46747612953186035, "passed": true}, "10": {"execution_time": 0.4856381416320801, "passed": true}, "11": {"execution_time": 0.6794042587280273, "passed": true}, "12": {"execution_time": 0.5526533126831055, "passed": true}, "13": {"execution_time": 1.4529221057891846, "passed": true}, "14": {"execution_time": 0.5834095478057861, "passed": true}}}, "check_style_score": "1/1"}