{"version": "1", "message": "ERROR: Hidden Testcases server unreachable.", "problem_id": "ads2_m4_a1_1", "user_id": "GundetiGnanika-20186026", "score": {"sample": {"0": {"execution_time": 0.37885499000549316, "passed": false}, "1": {"execution_time": 0.5762791633605957, "passed": false}, "2": {"execution_time": 0.5939068794250488, "passed": false}, "3": {"execution_time": 0.5911803245544434, "passed": false}, "4": {"execution_time": 0.38597917556762695, "passed": false}, "5": {"execution_time": 0.4604837894439697, "passed": false}, "6": {"execution_time": 0.4850790500640869, "passed": false}, "7": {"execution_time": 0.439225435256958, "passed": false}, "8": {"execution_time": 0.5429699420928955, "passed": false}, "9": {"execution_time": 0.5336685180664062, "passed": false}, "10": {"execution_time": 0.585291862487793, "passed": false}, "11": {"execution_time": 0.4403092861175537, "passed": false}, "12": {"execution_time": 0.48674798011779785, "passed": false}, "13": {"execution_time": 1.505556344985962, "passed": false}, "14": {"execution_time": 0.6168403625488281, "passed": false}}}, "check_style_score": "0/1"}