{"version": "1", "message": "ERROR: Hidden Testcases server unreachable.", "problem_id": "ads2_m16_a1_1", "user_id": "GundetiGnanika-20186026", "score": {"sample": {"0": {"execution_time": 3.7065846920013428, "passed": false}, "1": {"execution_time": 3.9973700046539307, "passed": false}, "2": {"execution_time": 10.11196780204773, "passed": false}, "3": {"execution_time": 10.171290874481201, "passed": false}, "4": {"execution_time": 10.158787488937378, "passed": false}, "5": {"execution_time": 10.190526962280273, "passed": false}, "6": {"execution_time": 10.190882205963135, "passed": false}, "7": {"execution_time": 10.175966262817383, "passed": false}, "8": {"execution_time": 7.6711413860321045, "passed": false}, "9": {"execution_time": 10.157403945922852, "passed": false}, "10": {"execution_time": 10.170754432678223, "passed": false}, "11": {"execution_time": 4.387507915496826, "passed": false}, "12": {"execution_time": 10.180975914001465, "passed": false}, "13": {"execution_time": 4.059936046600342, "passed": true}, "14": {"execution_time": 10.17323923110962, "passed": false}, "15": {"execution_time": 10.213781595230103, "passed": false}, "16": {"execution_time": 8.103856325149536, "passed": false}, "17": {"execution_time": 9.053065061569214, "passed": false}, "18": {"execution_time": 8.863923788070679, "passed": false}, "19": {"execution_time": 10.064802169799805, "passed": false}, "20": {"execution_time": 10.076099157333374, "passed": false}, "21": {"execution_time": 7.640592336654663, "passed": true}, "22": {"execution_time": 7.912553548812866, "passed": true}, "23": {"execution_time": 10.0739586353302, "passed": false}, "24": {"execution_time": 4.304645538330078, "passed": true}, "25": {"execution_time": 10.224220752716064, "passed": false}, "26": {"execution_time": 10.210123777389526, "passed": false}, "27": {"execution_time": 10.220946311950684, "passed": false}, "28": {"execution_time": 10.320111274719238, "passed": false}, "29": {"execution_time": 0.8147249221801758, "passed": false}}}, "check_style_score": "0/1"}