{"version": "1", "message": "ERROR: Hidden Testcases server unreachable.", "problem_id": "ads2_m16_a1_1", "user_id": "GundetiGnanika-20186026", "score": {"sample": {"0": {"execution_time": 4.339274168014526, "passed": false}, "1": {"execution_time": 4.792590379714966, "passed": false}, "2": {"execution_time": 10.185327768325806, "passed": false}, "3": {"execution_time": 10.139758110046387, "passed": false}, "4": {"execution_time": 10.145270109176636, "passed": false}, "5": {"execution_time": 10.26178503036499, "passed": false}, "6": {"execution_time": 10.253950357437134, "passed": false}, "7": {"execution_time": 10.152952671051025, "passed": false}, "8": {"execution_time": 9.535163879394531, "passed": false}, "9": {"execution_time": 10.154582738876343, "passed": false}, "10": {"execution_time": 10.163848400115967, "passed": false}, "11": {"execution_time": 3.246187925338745, "passed": false}, "12": {"execution_time": 10.19972038269043, "passed": false}, "13": {"execution_time": 3.594729423522949, "passed": true}, "14": {"execution_time": 10.161745071411133, "passed": false}, "15": {"execution_time": 10.194772958755493, "passed": false}, "16": {"execution_time": 6.609371662139893, "passed": false}, "17": {"execution_time": 6.80273699760437, "passed": false}, "18": {"execution_time": 6.9964141845703125, "passed": false}, "19": {"execution_time": 10.074883222579956, "passed": false}, "20": {"execution_time": 10.0930757522583, "passed": false}, "21": {"execution_time": 7.796104431152344, "passed": true}, "22": {"execution_time": 9.035318613052368, "passed": true}, "23": {"execution_time": 10.084301948547363, "passed": false}, "24": {"execution_time": 3.3448898792266846, "passed": true}, "25": {"execution_time": 10.217101573944092, "passed": false}, "26": {"execution_time": 10.177481651306152, "passed": false}, "27": {"execution_time": 10.221810102462769, "passed": false}, "28": {"execution_time": 10.210325241088867, "passed": false}, "29": {"execution_time": 0.7078597545623779, "passed": true}}}, "check_style_score": "0/1"}