{"version": "1", "message": "ERROR: Hidden Testcases server unreachable.", "problem_id": "ads2_m16_a1_1", "user_id": "GundetiGnanika-20186026", "score": {"sample": {"0": {"execution_time": 0.33629798889160156, "passed": true}, "1": {"execution_time": 0.33399057388305664, "passed": true}, "2": {"execution_time": 1.3190677165985107, "passed": true}, "3": {"execution_time": 1.9265968799591064, "passed": true}, "4": {"execution_time": 1.8404765129089355, "passed": true}, "5": {"execution_time": 2.187072277069092, "passed": true}, "6": {"execution_time": 2.210584878921509, "passed": true}, "7": {"execution_time": 2.147481918334961, "passed": true}, "8": {"execution_time": 0.6872498989105225, "passed": true}, "9": {"execution_time": 2.3015902042388916, "passed": true}, "10": {"execution_time": 2.4018168449401855, "passed": true}, "11": {"execution_time": 5.457320690155029, "passed": true}, "12": {"execution_time": 1.3712904453277588, "passed": true}, "13": {"execution_time": 0.29659414291381836, "passed": true}, "14": {"execution_time": 1.3144481182098389, "passed": true}, "15": {"execution_time": 1.362353801727295, "passed": true}, "16": {"execution_time": 0.4030494689941406, "passed": true}, "17": {"execution_time": 0.4216499328613281, "passed": true}, "18": {"execution_time": 0.48430347442626953, "passed": true}, "19": {"execution_time": 0.5410201549530029, "passed": true}, "20": {"execution_time": 0.6583237648010254, "passed": true}, "21": {"execution_time": 0.467418909072876, "passed": true}, "22": {"execution_time": 0.5302565097808838, "passed": true}, "23": {"execution_time": 0.4409046173095703, "passed": true}, "24": {"execution_time": 0.2616417407989502, "passed": true}, "25": {"execution_time": 1.420922040939331, "passed": true}, "26": {"execution_time": 1.0832037925720215, "passed": true}, "27": {"execution_time": 1.5013697147369385, "passed": true}, "28": {"execution_time": 3.5625455379486084, "passed": true}, "29": {"execution_time": 0.5460731983184814, "passed": true}}}, "check_style_score": "0/1"}