{"version": "1", "message": "ERROR: Hidden Testcases server unreachable.", "problem_id": "ads2_m16_a1_1", "user_id": "GundetiGnanika-20186026", "score": {"sample": {"0": {"execution_time": 0.3275742530822754, "passed": true}, "1": {"execution_time": 0.3280911445617676, "passed": true}, "2": {"execution_time": 1.270714521408081, "passed": true}, "3": {"execution_time": 1.2670278549194336, "passed": true}, "4": {"execution_time": 1.2484400272369385, "passed": true}, "5": {"execution_time": 1.3162081241607666, "passed": true}, "6": {"execution_time": 1.2531416416168213, "passed": true}, "7": {"execution_time": 1.3270890712738037, "passed": true}, "8": {"execution_time": 0.44051027297973633, "passed": true}, "9": {"execution_time": 1.2358555793762207, "passed": true}, "10": {"execution_time": 1.2746338844299316, "passed": true}, "11": {"execution_time": 3.2763876914978027, "passed": true}, "12": {"execution_time": 1.2940435409545898, "passed": true}, "13": {"execution_time": 0.23512482643127441, "passed": true}, "14": {"execution_time": 1.2205727100372314, "passed": true}, "15": {"execution_time": 1.2525420188903809, "passed": true}, "16": {"execution_time": 0.4106781482696533, "passed": true}, "17": {"execution_time": 0.4297511577606201, "passed": true}, "18": {"execution_time": 0.37876462936401367, "passed": true}, "19": {"execution_time": 0.4374880790710449, "passed": true}, "20": {"execution_time": 0.45216894149780273, "passed": true}, "21": {"execution_time": 0.35736703872680664, "passed": true}, "22": {"execution_time": 0.37098097801208496, "passed": true}, "23": {"execution_time": 0.4060335159301758, "passed": true}, "24": {"execution_time": 0.23253536224365234, "passed": true}, "25": {"execution_time": 1.4268207550048828, "passed": true}, "26": {"execution_time": 0.998131275177002, "passed": true}, "27": {"execution_time": 1.3318710327148438, "passed": true}, "28": {"execution_time": 2.219700336456299, "passed": true}, "29": {"execution_time": 0.22197818756103516, "passed": true}}}, "check_style_score": "1/1"}