{"version": "1", "message": "ERROR: Hidden Testcases server unreachable.", "problem_id": "ads2_m16_a1_1", "user_id": "GundetiGnanika-20186026", "score": {"sample": {"0": {"execution_time": 3.6280527114868164, "passed": false}, "1": {"execution_time": 3.898186206817627, "passed": false}, "2": {"execution_time": 10.165242671966553, "passed": false}, "3": {"execution_time": 10.170421361923218, "passed": false}, "4": {"execution_time": 10.151475429534912, "passed": false}, "5": {"execution_time": 10.200248718261719, "passed": false}, "6": {"execution_time": 10.173540115356445, "passed": false}, "7": {"execution_time": 10.191872119903564, "passed": false}, "8": {"execution_time": 5.159743547439575, "passed": false}, "9": {"execution_time": 10.185118675231934, "passed": false}, "10": {"execution_time": 10.157168626785278, "passed": false}, "11": {"execution_time": 2.5474226474761963, "passed": false}, "12": {"execution_time": 10.145607948303223, "passed": false}, "13": {"execution_time": 2.524322748184204, "passed": true}, "14": {"execution_time": 10.141525745391846, "passed": false}, "15": {"execution_time": 10.152004480361938, "passed": false}, "16": {"execution_time": 4.943071603775024, "passed": false}, "17": {"execution_time": 5.222294092178345, "passed": false}, "18": {"execution_time": 5.000818967819214, "passed": false}, "19": {"execution_time": 10.057039737701416, "passed": false}, "20": {"execution_time": 10.077274560928345, "passed": false}, "21": {"execution_time": 7.21387505531311, "passed": true}, "22": {"execution_time": 5.436271905899048, "passed": true}, "23": {"execution_time": 10.059677839279175, "passed": false}, "24": {"execution_time": 2.433546543121338, "passed": true}, "25": {"execution_time": 10.132697820663452, "passed": false}, "26": {"execution_time": 10.203978776931763, "passed": false}, "27": {"execution_time": 10.148420572280884, "passed": false}, "28": {"execution_time": 10.242496967315674, "passed": false}, "29": {"execution_time": 0.6085913181304932, "passed": false}}}, "check_style_score": "0/1"}