{"version": "1", "message": "ERROR: Hidden Testcases server unreachable.", "problem_id": "ads2_m16_a1_1", "user_id": "GundetiGnanika-20186026", "score": {"sample": {"0": {"execution_time": 3.471252202987671, "passed": true}, "1": {"execution_time": 3.5996809005737305, "passed": true}, "2": {"execution_time": 10.117257118225098, "passed": false}, "3": {"execution_time": 10.186129331588745, "passed": false}, "4": {"execution_time": 10.116655588150024, "passed": false}, "5": {"execution_time": 10.176702499389648, "passed": false}, "6": {"execution_time": 10.147165298461914, "passed": false}, "7": {"execution_time": 10.157829999923706, "passed": false}, "8": {"execution_time": 4.209035158157349, "passed": true}, "9": {"execution_time": 10.129005432128906, "passed": false}, "10": {"execution_time": 10.141824722290039, "passed": false}, "11": {"execution_time": 10.023173809051514, "passed": false}, "12": {"execution_time": 10.14893913269043, "passed": false}, "13": {"execution_time": 2.6401660442352295, "passed": true}, "14": {"execution_time": 10.137136220932007, "passed": false}, "15": {"execution_time": 10.151781797409058, "passed": false}, "16": {"execution_time": 5.172542095184326, "passed": true}, "17": {"execution_time": 4.643917798995972, "passed": true}, "18": {"execution_time": 8.457197666168213, "passed": true}, "19": {"execution_time": 10.060023784637451, "passed": false}, "20": {"execution_time": 10.073862314224243, "passed": false}, "21": {"execution_time": 7.347299337387085, "passed": true}, "22": {"execution_time": 8.031805992126465, "passed": true}, "23": {"execution_time": 10.079688549041748, "passed": false}, "24": {"execution_time": 4.0382959842681885, "passed": true}, "25": {"execution_time": 10.251238107681274, "passed": false}, "26": {"execution_time": 10.164737462997437, "passed": false}, "27": {"execution_time": 10.214502334594727, "passed": false}, "28": {"execution_time": 10.266521215438843, "passed": false}, "29": {"execution_time": 0.5319886207580566, "passed": true}}}, "check_style_score": "0/1"}