{"version": "1", "message": "ERROR: Hidden Testcases server unreachable.", "problem_id": "ads2_m16_a1_1", "user_id": "GundetiGnanika-20186026", "score": {"sample": {"0": {"execution_time": 0.5510709285736084, "passed": true}, "1": {"execution_time": 0.4791440963745117, "passed": true}, "2": {"execution_time": 1.608952522277832, "passed": true}, "3": {"execution_time": 1.3724584579467773, "passed": true}, "4": {"execution_time": 1.5358765125274658, "passed": true}, "5": {"execution_time": 1.515167236328125, "passed": true}, "6": {"execution_time": 1.5550503730773926, "passed": true}, "7": {"execution_time": 1.4549953937530518, "passed": true}, "8": {"execution_time": 0.5617218017578125, "passed": true}, "9": {"execution_time": 1.5157654285430908, "passed": true}, "10": {"execution_time": 1.4602959156036377, "passed": true}, "11": {"execution_time": 3.764481782913208, "passed": true}, "12": {"execution_time": 1.5405325889587402, "passed": true}, "13": {"execution_time": 0.4166750907897949, "passed": true}, "14": {"execution_time": 1.5733680725097656, "passed": true}, "15": {"execution_time": 1.600510597229004, "passed": true}, "16": {"execution_time": 0.5956029891967773, "passed": true}, "17": {"execution_time": 0.6206662654876709, "passed": true}, "18": {"execution_time": 0.6098229885101318, "passed": true}, "19": {"execution_time": 0.5473508834838867, "passed": true}, "20": {"execution_time": 0.8094122409820557, "passed": true}, "21": {"execution_time": 0.6888959407806396, "passed": true}, "22": {"execution_time": 0.7629046440124512, "passed": true}, "23": {"execution_time": 0.5683572292327881, "passed": true}, "24": {"execution_time": 0.7258007526397705, "passed": true}, "25": {"execution_time": 1.8280847072601318, "passed": true}, "26": {"execution_time": 1.51237154006958, "passed": true}, "27": {"execution_time": 1.7694675922393799, "passed": true}, "28": {"execution_time": 2.8637118339538574, "passed": true}, "29": {"execution_time": 0.4697580337524414, "passed": true}}}, "check_style_score": "0/1"}