{"version": "1", "message": "ERROR: Hidden Testcases server unreachable.", "problem_id": "ads2_m16_a1_1", "user_id": "GundetiGnanika-20186026", "score": {"sample": {"0": {"execution_time": 0.5564515590667725, "passed": true}, "1": {"execution_time": 0.5020108222961426, "passed": true}, "2": {"execution_time": 1.58394193649292, "passed": true}, "3": {"execution_time": 1.6066977977752686, "passed": true}, "4": {"execution_time": 1.5786428451538086, "passed": true}, "5": {"execution_time": 1.5359325408935547, "passed": true}, "6": {"execution_time": 1.4969313144683838, "passed": true}, "7": {"execution_time": 1.545043706893921, "passed": true}, "8": {"execution_time": 0.5690145492553711, "passed": true}, "9": {"execution_time": 1.6185760498046875, "passed": true}, "10": {"execution_time": 1.5032727718353271, "passed": true}, "11": {"execution_time": 4.228646993637085, "passed": true}, "12": {"execution_time": 1.543630838394165, "passed": true}, "13": {"execution_time": 0.35409092903137207, "passed": true}, "14": {"execution_time": 1.5701563358306885, "passed": true}, "15": {"execution_time": 1.496530294418335, "passed": true}, "16": {"execution_time": 0.7841305732727051, "passed": true}, "17": {"execution_time": 0.7065744400024414, "passed": true}, "18": {"execution_time": 0.7530896663665771, "passed": true}, "19": {"execution_time": 0.6792190074920654, "passed": true}, "20": {"execution_time": 0.6533052921295166, "passed": true}, "21": {"execution_time": 0.833961009979248, "passed": true}, "22": {"execution_time": 0.7452197074890137, "passed": true}, "23": {"execution_time": 0.7851710319519043, "passed": true}, "24": {"execution_time": 0.4749433994293213, "passed": true}, "25": {"execution_time": 1.4736013412475586, "passed": true}, "26": {"execution_time": 1.1941404342651367, "passed": true}, "27": {"execution_time": 1.6745636463165283, "passed": true}, "28": {"execution_time": 2.580717086791992, "passed": true}, "29": {"execution_time": 0.629448652267456, "passed": true}}}, "check_style_score": "0/1"}