{"version": "1", "message": "ERROR: Hidden Testcases server unreachable.", "problem_id": "ads2_m16_a1_1", "user_id": "GundetiGnanika-20186026", "score": {"sample": {"0": {"execution_time": 2.8520398139953613, "passed": true}, "1": {"execution_time": 3.0151944160461426, "passed": true}, "2": {"execution_time": 4.108157396316528, "passed": true}, "3": {"execution_time": 4.125112056732178, "passed": true}, "4": {"execution_time": 3.7066166400909424, "passed": true}, "5": {"execution_time": 4.240280866622925, "passed": true}, "6": {"execution_time": 3.6964662075042725, "passed": true}, "7": {"execution_time": 4.15688681602478, "passed": true}, "8": {"execution_time": 2.71048903465271, "passed": true}, "9": {"execution_time": 1.8622312545776367, "passed": true}, "10": {"execution_time": 1.6613547801971436, "passed": true}, "11": {"execution_time": 10.032057762145996, "passed": false}, "12": {"execution_time": 3.980607271194458, "passed": true}, "13": {"execution_time": 2.207819938659668, "passed": true}, "14": {"execution_time": 1.6265151500701904, "passed": true}, "15": {"execution_time": 10.166021585464478, "passed": false}, "16": {"execution_time": 2.439451217651367, "passed": true}, "17": {"execution_time": 2.158921957015991, "passed": true}, "18": {"execution_time": 2.548189163208008, "passed": true}, "19": {"execution_time": 10.047852516174316, "passed": false}, "20": {"execution_time": 10.078708171844482, "passed": false}, "21": {"execution_time": 0.622370719909668, "passed": true}, "22": {"execution_time": 0.8839788436889648, "passed": true}, "23": {"execution_time": 10.088112831115723, "passed": false}, "24": {"execution_time": 2.1967058181762695, "passed": true}, "25": {"execution_time": 10.185848712921143, "passed": false}, "26": {"execution_time": 10.17102837562561, "passed": false}, "27": {"execution_time": 10.159310817718506, "passed": false}, "28": {"execution_time": 10.226444721221924, "passed": false}, "29": {"execution_time": 0.6111321449279785, "passed": true}}}, "check_style_score": "0/1"}