{"version": "1", "message": "ERROR: Hidden Testcases server unreachable.", "problem_id": "ads2_m16_a1_1", "user_id": "GundetiGnanika-20186026", "score": {"sample": {"0": {"execution_time": 0.6899621486663818, "passed": true}, "1": {"execution_time": 0.376936674118042, "passed": true}, "2": {"execution_time": 1.4732394218444824, "passed": true}, "3": {"execution_time": 1.425816297531128, "passed": true}, "4": {"execution_time": 1.4854016304016113, "passed": true}, "5": {"execution_time": 1.5221121311187744, "passed": true}, "6": {"execution_time": 1.5281188488006592, "passed": true}, "7": {"execution_time": 1.700716495513916, "passed": true}, "8": {"execution_time": 0.7494652271270752, "passed": true}, "9": {"execution_time": 1.3709347248077393, "passed": true}, "10": {"execution_time": 1.458477258682251, "passed": true}, "11": {"execution_time": 4.124174356460571, "passed": true}, "12": {"execution_time": 1.4597735404968262, "passed": true}, "13": {"execution_time": 0.3592369556427002, "passed": true}, "14": {"execution_time": 1.5533208847045898, "passed": true}, "15": {"execution_time": 1.561030387878418, "passed": true}, "16": {"execution_time": 0.5294051170349121, "passed": true}, "17": {"execution_time": 0.6423003673553467, "passed": true}, "18": {"execution_time": 0.5429577827453613, "passed": true}, "19": {"execution_time": 0.6261179447174072, "passed": true}, "20": {"execution_time": 0.9404351711273193, "passed": true}, "21": {"execution_time": 0.6244308948516846, "passed": true}, "22": {"execution_time": 0.5785555839538574, "passed": true}, "23": {"execution_time": 0.56435227394104, "passed": true}, "24": {"execution_time": 0.43065500259399414, "passed": true}, "25": {"execution_time": 1.605687141418457, "passed": true}, "26": {"execution_time": 1.365269660949707, "passed": true}, "27": {"execution_time": 1.6179611682891846, "passed": true}, "28": {"execution_time": 2.6349756717681885, "passed": true}, "29": {"execution_time": 0.40376901626586914, "passed": true}}}, "check_style_score": "0/1"}