{"version": "1", "message": "ERROR: Hidden Testcases server unreachable.", "problem_id": "ads2_m16_a1_1", "user_id": "GundetiGnanika-20186026", "score": {"sample": {"0": {"execution_time": 0.6684107780456543, "passed": false}, "1": {"execution_time": 0.5565710067749023, "passed": false}, "2": {"execution_time": 1.5675604343414307, "passed": true}, "3": {"execution_time": 1.429107666015625, "passed": true}, "4": {"execution_time": 1.6388700008392334, "passed": false}, "5": {"execution_time": 1.372246265411377, "passed": false}, "6": {"execution_time": 1.4897255897521973, "passed": false}, "7": {"execution_time": 1.3721177577972412, "passed": false}, "8": {"execution_time": 0.5532722473144531, "passed": false}, "9": {"execution_time": 1.4051637649536133, "passed": false}, "10": {"execution_time": 1.5115306377410889, "passed": false}, "11": {"execution_time": 4.924079418182373, "passed": true}, "12": {"execution_time": 1.3427150249481201, "passed": false}, "13": {"execution_time": 0.4720785617828369, "passed": true}, "14": {"execution_time": 1.593580961227417, "passed": false}, "15": {"execution_time": 1.4961199760437012, "passed": false}, "16": {"execution_time": 0.5913732051849365, "passed": false}, "17": {"execution_time": 0.6343216896057129, "passed": false}, "18": {"execution_time": 0.7075350284576416, "passed": false}, "19": {"execution_time": 0.7942373752593994, "passed": false}, "20": {"execution_time": 0.6672253608703613, "passed": false}, "21": {"execution_time": 0.5980651378631592, "passed": false}, "22": {"execution_time": 0.6128523349761963, "passed": false}, "23": {"execution_time": 0.6486520767211914, "passed": false}, "24": {"execution_time": 0.40676331520080566, "passed": true}, "25": {"execution_time": 1.6827998161315918, "passed": false}, "26": {"execution_time": 1.2747802734375, "passed": false}, "27": {"execution_time": 1.565009355545044, "passed": false}, "28": {"execution_time": 2.4283673763275146, "passed": false}, "29": {"execution_time": 0.47212719917297363, "passed": true}}}, "check_style_score": "0/1"}