{"version": "1", "message": "ERROR: Hidden Testcases server unreachable.", "problem_id": "ads2_m16_a1_1", "user_id": "GundetiGnanika-20186026", "score": {"sample": {"0": {"execution_time": 0.3931863307952881, "passed": true}, "1": {"execution_time": 0.722156286239624, "passed": true}, "2": {"execution_time": 1.4182398319244385, "passed": true}, "3": {"execution_time": 1.4957869052886963, "passed": true}, "4": {"execution_time": 1.5204136371612549, "passed": true}, "5": {"execution_time": 1.5883944034576416, "passed": true}, "6": {"execution_time": 1.4864110946655273, "passed": true}, "7": {"execution_time": 1.607398271560669, "passed": true}, "8": {"execution_time": 0.6498005390167236, "passed": true}, "9": {"execution_time": 1.4500114917755127, "passed": true}, "10": {"execution_time": 1.518864393234253, "passed": true}, "11": {"execution_time": 3.7728402614593506, "passed": true}, "12": {"execution_time": 1.545644998550415, "passed": true}, "13": {"execution_time": 0.4727511405944824, "passed": true}, "14": {"execution_time": 1.5153236389160156, "passed": true}, "15": {"execution_time": 1.5084331035614014, "passed": true}, "16": {"execution_time": 0.5323173999786377, "passed": true}, "17": {"execution_time": 0.5662901401519775, "passed": true}, "18": {"execution_time": 0.748607873916626, "passed": true}, "19": {"execution_time": 0.6212549209594727, "passed": true}, "20": {"execution_time": 0.9934015274047852, "passed": true}, "21": {"execution_time": 0.6036996841430664, "passed": true}, "22": {"execution_time": 0.6309163570404053, "passed": true}, "23": {"execution_time": 0.6000678539276123, "passed": true}, "24": {"execution_time": 0.3604915142059326, "passed": true}, "25": {"execution_time": 1.6753242015838623, "passed": true}, "26": {"execution_time": 1.256117582321167, "passed": true}, "27": {"execution_time": 1.4762799739837646, "passed": true}, "28": {"execution_time": 2.5856964588165283, "passed": true}, "29": {"execution_time": 0.35564517974853516, "passed": true}}}, "check_style_score": "0/1"}