{"version": "1", "message": "ERROR: Hidden Testcases server unreachable.", "problem_id": "ads2_m16_a1_1", "user_id": "GundetiGnanika-20186026", "score": {"sample": {"0": {"execution_time": 4.282882928848267, "passed": false}, "1": {"execution_time": 4.820977687835693, "passed": false}, "2": {"execution_time": 10.176077365875244, "passed": false}, "3": {"execution_time": 10.150840520858765, "passed": false}, "4": {"execution_time": 10.136536836624146, "passed": false}, "5": {"execution_time": 10.217899560928345, "passed": false}, "6": {"execution_time": 10.19342041015625, "passed": false}, "7": {"execution_time": 10.172110319137573, "passed": false}, "8": {"execution_time": 8.701555728912354, "passed": false}, "9": {"execution_time": 10.19187617301941, "passed": false}, "10": {"execution_time": 10.135546445846558, "passed": false}, "11": {"execution_time": 3.235583543777466, "passed": false}, "12": {"execution_time": 10.156320333480835, "passed": false}, "13": {"execution_time": 5.37514853477478, "passed": true}, "14": {"execution_time": 10.210147142410278, "passed": false}, "15": {"execution_time": 10.244264602661133, "passed": false}, "16": {"execution_time": 8.927411556243896, "passed": false}, "17": {"execution_time": 8.640873908996582, "passed": false}, "18": {"execution_time": 8.797852754592896, "passed": false}, "19": {"execution_time": 10.054962873458862, "passed": false}, "20": {"execution_time": 10.077954292297363, "passed": false}, "21": {"execution_time": 7.931118726730347, "passed": false}, "22": {"execution_time": 8.786422491073608, "passed": true}, "23": {"execution_time": 10.058187246322632, "passed": false}, "24": {"execution_time": 3.613178253173828, "passed": true}, "25": {"execution_time": 10.207430601119995, "passed": false}, "26": {"execution_time": 10.184239387512207, "passed": false}, "27": {"execution_time": 10.25440502166748, "passed": false}, "28": {"execution_time": 10.255220651626587, "passed": false}, "29": {"execution_time": 0.7666652202606201, "passed": true}}}, "check_style_score": "0/1"}