{"version": "1", "message": "ERROR: Hidden Testcases server unreachable.", "problem_id": "ads2_m16_a1_1", "user_id": "GundetiGnanika-20186026", "score": {"sample": {"0": {"execution_time": 0.5814685821533203, "passed": true}, "1": {"execution_time": 0.7099609375, "passed": true}, "2": {"execution_time": 1.5928425788879395, "passed": true}, "3": {"execution_time": 1.4809396266937256, "passed": true}, "4": {"execution_time": 1.5566840171813965, "passed": true}, "5": {"execution_time": 2.4555490016937256, "passed": true}, "6": {"execution_time": 2.1564412117004395, "passed": true}, "7": {"execution_time": 2.4323511123657227, "passed": true}, "8": {"execution_time": 0.9066720008850098, "passed": true}, "9": {"execution_time": 2.311434745788574, "passed": true}, "10": {"execution_time": 2.2527072429656982, "passed": true}, "11": {"execution_time": 6.738024711608887, "passed": true}, "12": {"execution_time": 1.9344961643218994, "passed": true}, "13": {"execution_time": 0.4350106716156006, "passed": true}, "14": {"execution_time": 2.0046682357788086, "passed": true}, "15": {"execution_time": 1.3286187648773193, "passed": true}, "16": {"execution_time": 0.4774482250213623, "passed": true}, "17": {"execution_time": 0.5140383243560791, "passed": true}, "18": {"execution_time": 0.40264439582824707, "passed": true}, "19": {"execution_time": 0.5281579494476318, "passed": true}, "20": {"execution_time": 0.5097179412841797, "passed": true}, "21": {"execution_time": 0.39275288581848145, "passed": true}, "22": {"execution_time": 0.45664501190185547, "passed": true}, "23": {"execution_time": 0.46137332916259766, "passed": true}, "24": {"execution_time": 0.267345666885376, "passed": true}, "25": {"execution_time": 1.3775725364685059, "passed": true}, "26": {"execution_time": 1.1004390716552734, "passed": true}, "27": {"execution_time": 1.5715718269348145, "passed": true}, "28": {"execution_time": 2.2458853721618652, "passed": true}, "29": {"execution_time": 0.3004636764526367, "passed": true}}}, "check_style_score": "0/1"}