{"version": "1", "message": "ERROR: Hidden Testcases server unreachable.", "problem_id": "ads2_m16_a1_1", "user_id": "GundetiGnanika-20186026", "score": {"sample": {"0": {"execution_time": 0.4705057144165039, "passed": true}, "1": {"execution_time": 0.5673534870147705, "passed": true}, "2": {"execution_time": 1.6623661518096924, "passed": true}, "3": {"execution_time": 1.4342222213745117, "passed": true}, "4": {"execution_time": 1.4682190418243408, "passed": true}, "5": {"execution_time": 1.5927703380584717, "passed": true}, "6": {"execution_time": 1.5338411331176758, "passed": true}, "7": {"execution_time": 1.4993293285369873, "passed": true}, "8": {"execution_time": 0.7006056308746338, "passed": true}, "9": {"execution_time": 1.7207412719726562, "passed": true}, "10": {"execution_time": 1.9599950313568115, "passed": true}, "11": {"execution_time": 3.8636281490325928, "passed": true}, "12": {"execution_time": 1.5579216480255127, "passed": true}, "13": {"execution_time": 0.4461078643798828, "passed": true}, "14": {"execution_time": 1.5394248962402344, "passed": true}, "15": {"execution_time": 1.5516629219055176, "passed": true}, "16": {"execution_time": 0.5993692874908447, "passed": true}, "17": {"execution_time": 0.6004490852355957, "passed": true}, "18": {"execution_time": 0.6151387691497803, "passed": true}, "19": {"execution_time": 0.6342542171478271, "passed": true}, "20": {"execution_time": 0.7426486015319824, "passed": true}, "21": {"execution_time": 0.584183931350708, "passed": true}, "22": {"execution_time": 0.6625771522521973, "passed": true}, "23": {"execution_time": 0.563126802444458, "passed": true}, "24": {"execution_time": 0.4724454879760742, "passed": true}, "25": {"execution_time": 1.5937519073486328, "passed": true}, "26": {"execution_time": 1.1485686302185059, "passed": true}, "27": {"execution_time": 1.6666455268859863, "passed": true}, "28": {"execution_time": 2.564175844192505, "passed": true}, "29": {"execution_time": 0.39364051818847656, "passed": true}}}, "check_style_score": "0/1"}