{"version": "1", "message": "ERROR: Hidden Testcases server unreachable.", "problem_id": "ads2_m16_a1_1", "user_id": "GundetiGnanika-20186026", "score": {"sample": {"0": {"execution_time": 0.8622162342071533, "passed": true}, "1": {"execution_time": 0.5953609943389893, "passed": true}, "2": {"execution_time": 1.7448406219482422, "passed": true}, "3": {"execution_time": 1.6225354671478271, "passed": true}, "4": {"execution_time": 2.783334493637085, "passed": true}, "5": {"execution_time": 1.8146178722381592, "passed": true}, "6": {"execution_time": 1.5920794010162354, "passed": true}, "7": {"execution_time": 1.637678861618042, "passed": true}, "8": {"execution_time": 0.761376142501831, "passed": true}, "9": {"execution_time": 1.4861490726470947, "passed": true}, "10": {"execution_time": 1.4846582412719727, "passed": true}, "11": {"execution_time": 4.918963432312012, "passed": true}, "12": {"execution_time": 1.6096925735473633, "passed": true}, "13": {"execution_time": 0.6306688785552979, "passed": true}, "14": {"execution_time": 1.5728874206542969, "passed": true}, "15": {"execution_time": 1.8547909259796143, "passed": true}, "16": {"execution_time": 0.8044404983520508, "passed": true}, "17": {"execution_time": 0.6567304134368896, "passed": true}, "18": {"execution_time": 0.7968380451202393, "passed": true}, "19": {"execution_time": 0.6982831954956055, "passed": true}, "20": {"execution_time": 0.8837873935699463, "passed": true}, "21": {"execution_time": 0.6918516159057617, "passed": true}, "22": {"execution_time": 0.692878246307373, "passed": true}, "23": {"execution_time": 0.7580909729003906, "passed": true}, "24": {"execution_time": 0.511120080947876, "passed": true}, "25": {"execution_time": 1.7571566104888916, "passed": true}, "26": {"execution_time": 1.4234623908996582, "passed": true}, "27": {"execution_time": 1.7339208126068115, "passed": true}, "28": {"execution_time": 2.6160168647766113, "passed": true}, "29": {"execution_time": 0.8001279830932617, "passed": false}}}, "check_style_score": "0/1"}