{"version": "1", "message": "ERROR: Hidden Testcases server unreachable.", "problem_id": "ads2_m16_a1_1", "user_id": "GundetiGnanika-20186026", "score": {"sample": {"0": {"execution_time": 0.4909541606903076, "passed": true}, "1": {"execution_time": 0.30312490463256836, "passed": true}, "2": {"execution_time": 1.2719528675079346, "passed": true}, "3": {"execution_time": 1.2181522846221924, "passed": true}, "4": {"execution_time": 1.2414939403533936, "passed": true}, "5": {"execution_time": 1.19889497756958, "passed": true}, "6": {"execution_time": 1.2161133289337158, "passed": true}, "7": {"execution_time": 1.2420682907104492, "passed": true}, "8": {"execution_time": 0.32414937019348145, "passed": true}, "9": {"execution_time": 1.2216479778289795, "passed": true}, "10": {"execution_time": 1.2043042182922363, "passed": true}, "11": {"execution_time": 3.263640880584717, "passed": true}, "12": {"execution_time": 1.1999790668487549, "passed": true}, "13": {"execution_time": 0.27956652641296387, "passed": true}, "14": {"execution_time": 1.3076882362365723, "passed": true}, "15": {"execution_time": 1.2270374298095703, "passed": true}, "16": {"execution_time": 0.37473583221435547, "passed": true}, "17": {"execution_time": 0.3478085994720459, "passed": true}, "18": {"execution_time": 0.33117032051086426, "passed": true}, "19": {"execution_time": 0.38344812393188477, "passed": true}, "20": {"execution_time": 0.4545292854309082, "passed": true}, "21": {"execution_time": 0.3623793125152588, "passed": true}, "22": {"execution_time": 0.43845462799072266, "passed": true}, "23": {"execution_time": 0.42273664474487305, "passed": true}, "24": {"execution_time": 0.2385857105255127, "passed": true}, "25": {"execution_time": 1.3730249404907227, "passed": true}, "26": {"execution_time": 0.9655253887176514, "passed": true}, "27": {"execution_time": 1.3296077251434326, "passed": true}, "28": {"execution_time": 2.30203914642334, "passed": true}, "29": {"execution_time": 0.25638747215270996, "passed": true}}}, "check_style_score": "1/1"}