{"version": "1", "message": "ERROR: Hidden Testcases server unreachable.", "problem_id": "ads2_m16_a1_1", "user_id": "GundetiGnanika-20186026", "score": {"sample": {"0": {"execution_time": 0.5718483924865723, "passed": true}, "1": {"execution_time": 0.605370044708252, "passed": true}, "2": {"execution_time": 1.5362012386322021, "passed": true}, "3": {"execution_time": 1.515021800994873, "passed": true}, "4": {"execution_time": 1.539785623550415, "passed": true}, "5": {"execution_time": 1.5581529140472412, "passed": true}, "6": {"execution_time": 1.4741837978363037, "passed": true}, "7": {"execution_time": 1.5383808612823486, "passed": true}, "8": {"execution_time": 0.6951026916503906, "passed": true}, "9": {"execution_time": 1.4636638164520264, "passed": true}, "10": {"execution_time": 1.5818521976470947, "passed": true}, "11": {"execution_time": 4.384581565856934, "passed": true}, "12": {"execution_time": 1.4577693939208984, "passed": true}, "13": {"execution_time": 0.5479538440704346, "passed": true}, "14": {"execution_time": 1.498657464981079, "passed": true}, "15": {"execution_time": 1.6449275016784668, "passed": true}, "16": {"execution_time": 0.4853365421295166, "passed": true}, "17": {"execution_time": 0.6233525276184082, "passed": true}, "18": {"execution_time": 0.7200765609741211, "passed": true}, "19": {"execution_time": 0.6990270614624023, "passed": true}, "20": {"execution_time": 0.6618249416351318, "passed": true}, "21": {"execution_time": 0.6360952854156494, "passed": true}, "22": {"execution_time": 0.53037428855896, "passed": true}, "23": {"execution_time": 0.70206618309021, "passed": true}, "24": {"execution_time": 0.6659595966339111, "passed": true}, "25": {"execution_time": 1.5762245655059814, "passed": true}, "26": {"execution_time": 1.2106101512908936, "passed": true}, "27": {"execution_time": 1.612328290939331, "passed": true}, "28": {"execution_time": 2.3887948989868164, "passed": true}, "29": {"execution_time": 0.4418933391571045, "passed": true}}}, "check_style_score": "0/1"}