{"version": "1", "message": "ERROR: Hidden Testcases server unreachable.", "problem_id": "ads2_m16_a1_1", "user_id": "GundetiGnanika-20186026", "score": {"sample": {"0": {"execution_time": 0.5237276554107666, "passed": true}, "1": {"execution_time": 0.5554742813110352, "passed": true}, "2": {"execution_time": 1.5359101295471191, "passed": true}, "3": {"execution_time": 1.4582836627960205, "passed": true}, "4": {"execution_time": 1.755150318145752, "passed": true}, "5": {"execution_time": 1.6071431636810303, "passed": true}, "6": {"execution_time": 2.742164134979248, "passed": true}, "7": {"execution_time": 2.697863817214966, "passed": true}, "8": {"execution_time": 0.806847095489502, "passed": true}, "9": {"execution_time": 2.65960955619812, "passed": true}, "10": {"execution_time": 2.5734143257141113, "passed": true}, "11": {"execution_time": 7.599888324737549, "passed": true}, "12": {"execution_time": 2.7824342250823975, "passed": true}, "13": {"execution_time": 0.5806353092193604, "passed": true}, "14": {"execution_time": 2.676431655883789, "passed": true}, "15": {"execution_time": 2.691854238510132, "passed": true}, "16": {"execution_time": 0.7978615760803223, "passed": true}, "17": {"execution_time": 0.8012943267822266, "passed": true}, "18": {"execution_time": 0.7989115715026855, "passed": true}, "19": {"execution_time": 0.9410994052886963, "passed": true}, "20": {"execution_time": 0.9645051956176758, "passed": true}, "21": {"execution_time": 0.8317124843597412, "passed": true}, "22": {"execution_time": 0.7860262393951416, "passed": true}, "23": {"execution_time": 0.7497580051422119, "passed": true}, "24": {"execution_time": 0.5514781475067139, "passed": true}, "25": {"execution_time": 2.655179023742676, "passed": true}, "26": {"execution_time": 1.917393445968628, "passed": true}, "27": {"execution_time": 2.7647759914398193, "passed": true}, "28": {"execution_time": 4.314019203186035, "passed": true}, "29": {"execution_time": 0.49649858474731445, "passed": true}}}, "check_style_score": "0/1"}