{"version": "1", "message": "ERROR: Hidden Testcases server unreachable.", "problem_id": "ads2_m16_a1_1", "user_id": "GundetiGnanika-20186026", "score": {"sample": {"0": {"execution_time": 0.4658815860748291, "passed": true}, "1": {"execution_time": 0.5660643577575684, "passed": true}, "2": {"execution_time": 1.507746934890747, "passed": true}, "3": {"execution_time": 1.5697834491729736, "passed": true}, "4": {"execution_time": 1.5478777885437012, "passed": true}, "5": {"execution_time": 1.5400903224945068, "passed": true}, "6": {"execution_time": 1.4772701263427734, "passed": true}, "7": {"execution_time": 1.6501524448394775, "passed": true}, "8": {"execution_time": 0.6292493343353271, "passed": true}, "9": {"execution_time": 1.5506477355957031, "passed": true}, "10": {"execution_time": 1.5740699768066406, "passed": true}, "11": {"execution_time": 4.027982234954834, "passed": true}, "12": {"execution_time": 1.4657080173492432, "passed": true}, "13": {"execution_time": 0.48998236656188965, "passed": true}, "14": {"execution_time": 1.6221272945404053, "passed": true}, "15": {"execution_time": 1.4625117778778076, "passed": true}, "16": {"execution_time": 0.5836715698242188, "passed": true}, "17": {"execution_time": 0.5918295383453369, "passed": true}, "18": {"execution_time": 0.680234432220459, "passed": true}, "19": {"execution_time": 0.6005020141601562, "passed": true}, "20": {"execution_time": 0.5849711894989014, "passed": true}, "21": {"execution_time": 0.6488428115844727, "passed": true}, "22": {"execution_time": 0.6051797866821289, "passed": true}, "23": {"execution_time": 0.5547850131988525, "passed": true}, "24": {"execution_time": 0.49301815032958984, "passed": true}, "25": {"execution_time": 1.5790693759918213, "passed": true}, "26": {"execution_time": 1.1271917819976807, "passed": true}, "27": {"execution_time": 1.592198133468628, "passed": true}, "28": {"execution_time": 2.499213457107544, "passed": true}, "29": {"execution_time": 0.4431943893432617, "passed": true}}}, "check_style_score": "0/1"}