{"version": "1", "message": "ERROR: Hidden Testcases server unreachable.", "problem_id": "ads2_m16_a1_1", "user_id": "GundetiGnanika-20186026", "score": {"sample": {"0": {"execution_time": 3.183271884918213, "passed": true}, "1": {"execution_time": 3.223792791366577, "passed": true}, "2": {"execution_time": 3.880753517150879, "passed": true}, "3": {"execution_time": 4.01106333732605, "passed": true}, "4": {"execution_time": 4.594492435455322, "passed": true}, "5": {"execution_time": 4.670934677124023, "passed": true}, "6": {"execution_time": 7.394811630249023, "passed": true}, "7": {"execution_time": 7.298659324645996, "passed": true}, "8": {"execution_time": 5.62033486366272, "passed": true}, "9": {"execution_time": 2.7639620304107666, "passed": true}, "10": {"execution_time": 2.2989206314086914, "passed": true}, "11": {"execution_time": 10.039396524429321, "passed": false}, "12": {"execution_time": 4.5535569190979, "passed": true}, "13": {"execution_time": 4.208944797515869, "passed": true}, "14": {"execution_time": 2.8079378604888916, "passed": true}, "15": {"execution_time": 10.22865891456604, "passed": false}, "16": {"execution_time": 4.414844751358032, "passed": true}, "17": {"execution_time": 4.577980041503906, "passed": true}, "18": {"execution_time": 5.181861639022827, "passed": true}, "19": {"execution_time": 10.081012964248657, "passed": false}, "20": {"execution_time": 10.065378904342651, "passed": false}, "21": {"execution_time": 0.924386739730835, "passed": true}, "22": {"execution_time": 0.903512716293335, "passed": true}, "23": {"execution_time": 10.07216215133667, "passed": false}, "24": {"execution_time": 4.12132453918457, "passed": true}, "25": {"execution_time": 10.231871366500854, "passed": false}, "26": {"execution_time": 10.172311782836914, "passed": false}, "27": {"execution_time": 10.1513512134552, "passed": false}, "28": {"execution_time": 10.22885799407959, "passed": false}, "29": {"execution_time": 0.4600827693939209, "passed": true}}}, "check_style_score": "0/1"}