{"version": "1", "message": "ERROR: Hidden Testcases server unreachable.", "problem_id": "ads2_m16_a1_1", "user_id": "GundetiGnanika-20186026", "score": {"sample": {"0": {"execution_time": 0.5013813972473145, "passed": true}, "1": {"execution_time": 0.5914738178253174, "passed": true}, "2": {"execution_time": 1.6766471862792969, "passed": true}, "3": {"execution_time": 1.5762696266174316, "passed": true}, "4": {"execution_time": 1.5019481182098389, "passed": true}, "5": {"execution_time": 1.8141775131225586, "passed": true}, "6": {"execution_time": 1.8344099521636963, "passed": true}, "7": {"execution_time": 1.6984496116638184, "passed": true}, "8": {"execution_time": 0.6927101612091064, "passed": true}, "9": {"execution_time": 1.45408296585083, "passed": true}, "10": {"execution_time": 1.5252501964569092, "passed": true}, "11": {"execution_time": 4.300723075866699, "passed": true}, "12": {"execution_time": 1.524371862411499, "passed": true}, "13": {"execution_time": 0.6532917022705078, "passed": true}, "14": {"execution_time": 1.7574732303619385, "passed": true}, "15": {"execution_time": 1.7470650672912598, "passed": true}, "16": {"execution_time": 0.7159562110900879, "passed": true}, "17": {"execution_time": 0.6937196254730225, "passed": true}, "18": {"execution_time": 0.726693868637085, "passed": true}, "19": {"execution_time": 0.6436309814453125, "passed": true}, "20": {"execution_time": 0.6928832530975342, "passed": true}, "21": {"execution_time": 0.7119050025939941, "passed": true}, "22": {"execution_time": 0.7311971187591553, "passed": true}, "23": {"execution_time": 0.7983512878417969, "passed": true}, "24": {"execution_time": 0.41654133796691895, "passed": true}, "25": {"execution_time": 1.6716949939727783, "passed": true}, "26": {"execution_time": 1.3264966011047363, "passed": true}, "27": {"execution_time": 1.686112880706787, "passed": true}, "28": {"execution_time": 2.698134183883667, "passed": true}, "29": {"execution_time": 0.6727633476257324, "passed": true}}}, "check_style_score": "1/1"}