{"version": "1", "message": "ERROR: Hidden Testcases server unreachable.", "problem_id": "ads2_m16_a1_1", "user_id": "GundetiGnanika-20186026", "score": {"sample": {"0": {"execution_time": 0.4346282482147217, "passed": true}, "1": {"execution_time": 0.4943392276763916, "passed": true}, "2": {"execution_time": 1.506279468536377, "passed": true}, "3": {"execution_time": 1.422217607498169, "passed": true}, "4": {"execution_time": 1.4750070571899414, "passed": true}, "5": {"execution_time": 1.5144965648651123, "passed": true}, "6": {"execution_time": 1.547001838684082, "passed": true}, "7": {"execution_time": 1.616579532623291, "passed": true}, "8": {"execution_time": 0.5728614330291748, "passed": true}, "9": {"execution_time": 1.6257050037384033, "passed": true}, "10": {"execution_time": 1.4600870609283447, "passed": true}, "11": {"execution_time": 3.947033166885376, "passed": true}, "12": {"execution_time": 1.7589120864868164, "passed": true}, "13": {"execution_time": 0.410569429397583, "passed": true}, "14": {"execution_time": 1.439915418624878, "passed": true}, "15": {"execution_time": 1.4784796237945557, "passed": true}, "16": {"execution_time": 0.5008683204650879, "passed": true}, "17": {"execution_time": 0.6840946674346924, "passed": true}, "18": {"execution_time": 0.6429903507232666, "passed": true}, "19": {"execution_time": 0.6415989398956299, "passed": true}, "20": {"execution_time": 0.832993745803833, "passed": true}, "21": {"execution_time": 0.5646986961364746, "passed": true}, "22": {"execution_time": 0.5973517894744873, "passed": true}, "23": {"execution_time": 0.6651952266693115, "passed": true}, "24": {"execution_time": 0.5139026641845703, "passed": true}, "25": {"execution_time": 1.5554640293121338, "passed": true}, "26": {"execution_time": 1.2974252700805664, "passed": true}, "27": {"execution_time": 1.6756973266601562, "passed": true}, "28": {"execution_time": 2.4382450580596924, "passed": true}, "29": {"execution_time": 0.49728941917419434, "passed": true}}}, "check_style_score": "0/1"}