{"version": "1", "message": "ERROR: Hidden Testcases server unreachable.", "problem_id": "ads2_m16_a1_1", "user_id": "GundetiGnanika-20186026", "score": {"sample": {"0": {"execution_time": 3.332665205001831, "passed": true}, "1": {"execution_time": 3.32090163230896, "passed": true}, "2": {"execution_time": 10.185816526412964, "passed": false}, "3": {"execution_time": 10.135575294494629, "passed": false}, "4": {"execution_time": 10.165753841400146, "passed": false}, "5": {"execution_time": 10.177800178527832, "passed": false}, "6": {"execution_time": 10.168959379196167, "passed": false}, "7": {"execution_time": 10.145693302154541, "passed": false}, "8": {"execution_time": 6.455682277679443, "passed": true}, "9": {"execution_time": 10.139146089553833, "passed": false}, "10": {"execution_time": 10.106609106063843, "passed": false}, "11": {"execution_time": 10.050065517425537, "passed": false}, "12": {"execution_time": 10.218504190444946, "passed": false}, "13": {"execution_time": 2.6943166255950928, "passed": true}, "14": {"execution_time": 10.157844305038452, "passed": false}, "15": {"execution_time": 10.232036113739014, "passed": false}, "16": {"execution_time": 4.605119228363037, "passed": true}, "17": {"execution_time": 4.307150602340698, "passed": true}, "18": {"execution_time": 4.587697982788086, "passed": true}, "19": {"execution_time": 10.065613031387329, "passed": false}, "20": {"execution_time": 10.059900283813477, "passed": false}, "21": {"execution_time": 4.082300662994385, "passed": true}, "22": {"execution_time": 4.098005056381226, "passed": true}, "23": {"execution_time": 10.053077697753906, "passed": false}, "24": {"execution_time": 2.696165084838867, "passed": true}, "25": {"execution_time": 10.175076246261597, "passed": false}, "26": {"execution_time": 10.217122554779053, "passed": false}, "27": {"execution_time": 10.242705821990967, "passed": false}, "28": {"execution_time": 10.20229434967041, "passed": false}, "29": {"execution_time": 0.43995213508605957, "passed": true}}}, "check_style_score": "0/1"}