{"version": "1", "message": "ERROR: Hidden Testcases server unreachable.", "problem_id": "ads2_m16_a1_1", "user_id": "GundetiGnanika-20186026", "score": {"sample": {"0": {"execution_time": 1.1384007930755615, "passed": false}, "1": {"execution_time": 1.1568093299865723, "passed": false}, "2": {"execution_time": 10.19692063331604, "passed": false}, "3": {"execution_time": 10.132955551147461, "passed": false}, "4": {"execution_time": 10.134534120559692, "passed": false}, "5": {"execution_time": 10.167056322097778, "passed": false}, "6": {"execution_time": 10.169137716293335, "passed": false}, "7": {"execution_time": 10.120393514633179, "passed": false}, "8": {"execution_time": 2.514356851577759, "passed": false}, "9": {"execution_time": 10.140246152877808, "passed": false}, "10": {"execution_time": 10.165698528289795, "passed": false}, "11": {"execution_time": 0.49901700019836426, "passed": false}, "12": {"execution_time": 10.125086307525635, "passed": false}, "13": {"execution_time": 0.8484399318695068, "passed": true}, "14": {"execution_time": 10.137113332748413, "passed": false}, "15": {"execution_time": 10.176849842071533, "passed": false}, "16": {"execution_time": 3.135509729385376, "passed": false}, "17": {"execution_time": 3.2846498489379883, "passed": false}, "18": {"execution_time": 2.4863970279693604, "passed": false}, "19": {"execution_time": 10.052071571350098, "passed": false}, "20": {"execution_time": 10.063881397247314, "passed": false}, "21": {"execution_time": 4.269449949264526, "passed": false}, "22": {"execution_time": 4.534579038619995, "passed": true}, "23": {"execution_time": 10.06731653213501, "passed": false}, "24": {"execution_time": 0.48401355743408203, "passed": true}, "25": {"execution_time": 10.132434368133545, "passed": false}, "26": {"execution_time": 10.103135824203491, "passed": false}, "27": {"execution_time": 10.143617630004883, "passed": false}, "28": {"execution_time": 10.23371434211731, "passed": false}, "29": {"execution_time": 0.4454531669616699, "passed": true}}}, "check_style_score": "0/1"}