{"version": "1", "message": "ERROR: Hidden Testcases server unreachable.", "problem_id": "ads2_m6_a1_1", "user_id": "GundetiGnanika-20186026", "score": {"sample": {"0": {"execution_time": 0.2334122657775879, "passed": false}, "1": {"execution_time": 0.1963977813720703, "passed": false}, "2": {"execution_time": 0.20532917976379395, "passed": false}, "3": {"execution_time": 0.22754287719726562, "passed": false}, "4": {"execution_time": 0.2417774200439453, "passed": false}, "5": {"execution_time": 0.20345520973205566, "passed": false}, "6": {"execution_time": 0.23337507247924805, "passed": false}, "7": {"execution_time": 0.19662070274353027, "passed": false}, "8": {"execution_time": 0.19605469703674316, "passed": false}, "9": {"execution_time": 0.21941518783569336, "passed": false}, "10": {"execution_time": 0.2104344367980957, "passed": false}, "11": {"execution_time": 0.21645212173461914, "passed": false}}}, "check_style_score": "0/1"}