{"version": "1", "message": "ERROR: Hidden Testcases server unreachable.", "problem_id": "ads2_m6_a1_1", "user_id": "GundetiGnanika-20186026", "score": {"sample": {"0": {"execution_time": 0.2684609889984131, "passed": false}, "1": {"execution_time": 0.21536922454833984, "passed": false}, "2": {"execution_time": 0.25504207611083984, "passed": false}, "3": {"execution_time": 0.25190067291259766, "passed": false}, "4": {"execution_time": 0.23093533515930176, "passed": false}, "5": {"execution_time": 0.2569894790649414, "passed": false}, "6": {"execution_time": 0.19972538948059082, "passed": false}, "7": {"execution_time": 0.20453858375549316, "passed": false}, "8": {"execution_time": 0.21857929229736328, "passed": false}, "9": {"execution_time": 0.21668243408203125, "passed": false}, "10": {"execution_time": 0.21740055084228516, "passed": false}, "11": {"execution_time": 0.26633524894714355, "passed": false}}}, "check_style_score": "0/1"}