{"version": "1", "message": "ERROR: Hidden Testcases server unreachable.", "problem_id": "ads2_m6_a1_1", "user_id": "GundetiGnanika-20186026", "score": {"sample": {"0": {"execution_time": 0.5829110145568848, "passed": false}, "1": {"execution_time": 0.48976683616638184, "passed": false}, "2": {"execution_time": 0.5045647621154785, "passed": false}, "3": {"execution_time": 0.42200183868408203, "passed": false}, "4": {"execution_time": 0.41391587257385254, "passed": false}, "5": {"execution_time": 0.4426743984222412, "passed": false}, "6": {"execution_time": 0.4517946243286133, "passed": false}, "7": {"execution_time": 0.4206364154815674, "passed": false}, "8": {"execution_time": 0.5333676338195801, "passed": false}, "9": {"execution_time": 0.43297743797302246, "passed": false}, "10": {"execution_time": 0.3938117027282715, "passed": false}, "11": {"execution_time": 0.4840264320373535, "passed": false}}}, "check_style_score": "0/1"}