{"version": "1", "message": "ERROR: Hidden Testcases server unreachable.", "problem_id": "ads2_m6_a1_1", "user_id": "GundetiGnanika-20186026", "score": {"sample": {"0": {"execution_time": 0.7916994094848633, "passed": false}, "1": {"execution_time": 0.4710724353790283, "passed": false}, "2": {"execution_time": 0.42127227783203125, "passed": false}, "3": {"execution_time": 0.5091707706451416, "passed": false}, "4": {"execution_time": 0.37839531898498535, "passed": false}, "5": {"execution_time": 0.43846964836120605, "passed": false}, "6": {"execution_time": 0.461230993270874, "passed": false}, "7": {"execution_time": 0.35085439682006836, "passed": false}, "8": {"execution_time": 0.45676159858703613, "passed": false}, "9": {"execution_time": 0.46535539627075195, "passed": false}, "10": {"execution_time": 0.6094470024108887, "passed": false}, "11": {"execution_time": 0.4409449100494385, "passed": false}}}, "check_style_score": "0/1"}