{"version": "1", "message": "ERROR: Hidden Testcases server unreachable.", "problem_id": "ads2_m6_a1_1", "user_id": "GundetiGnanika-20186026", "score": {"sample": {"0": {"execution_time": 0.5269534587860107, "passed": false}, "1": {"execution_time": 0.5229461193084717, "passed": false}, "2": {"execution_time": 0.5345518589019775, "passed": false}, "3": {"execution_time": 0.613553524017334, "passed": false}, "4": {"execution_time": 0.5426356792449951, "passed": false}, "5": {"execution_time": 0.5284416675567627, "passed": true}, "6": {"execution_time": 0.4058234691619873, "passed": true}, "7": {"execution_time": 0.8016078472137451, "passed": false}, "8": {"execution_time": 0.47985410690307617, "passed": true}, "9": {"execution_time": 0.524846076965332, "passed": false}, "10": {"execution_time": 0.5480337142944336, "passed": true}, "11": {"execution_time": 0.5154533386230469, "passed": false}}}, "check_style_score": "0/1"}