{"version": "1", "message": "ERROR: Hidden Testcases server unreachable.", "problem_id": "ads2_m6_a1_1", "user_id": "GundetiGnanika-20186026", "score": {"sample": {"0": {"execution_time": 0.6244220733642578, "passed": false}, "1": {"execution_time": 0.5975086688995361, "passed": false}, "2": {"execution_time": 0.9204592704772949, "passed": false}, "3": {"execution_time": 0.6116783618927002, "passed": false}, "4": {"execution_time": 0.4277336597442627, "passed": false}, "5": {"execution_time": 0.4605402946472168, "passed": false}, "6": {"execution_time": 0.49090099334716797, "passed": false}, "7": {"execution_time": 0.6483819484710693, "passed": false}, "8": {"execution_time": 0.5484218597412109, "passed": false}, "9": {"execution_time": 0.36899876594543457, "passed": false}, "10": {"execution_time": 0.6148700714111328, "passed": false}, "11": {"execution_time": 0.44358062744140625, "passed": false}}}, "check_style_score": "0/1"}