{"version": "1", "message": "ERROR: Hidden Testcases server unreachable.", "problem_id": "ads2_m6_a1_1", "user_id": "GundetiGnanika-20186026", "score": {"sample": {"0": {"execution_time": 0.5482287406921387, "passed": false}, "1": {"execution_time": 0.44316697120666504, "passed": false}, "2": {"execution_time": 0.48053550720214844, "passed": false}, "3": {"execution_time": 0.4224886894226074, "passed": false}, "4": {"execution_time": 0.39496469497680664, "passed": false}, "5": {"execution_time": 0.4962468147277832, "passed": true}, "6": {"execution_time": 0.49395036697387695, "passed": true}, "7": {"execution_time": 0.7519214153289795, "passed": false}, "8": {"execution_time": 0.7181718349456787, "passed": true}, "9": {"execution_time": 0.7336256504058838, "passed": false}, "10": {"execution_time": 0.4219202995300293, "passed": true}, "11": {"execution_time": 0.48418712615966797, "passed": false}}}, "check_style_score": "0/1"}