{"version": "1", "message": "ERROR: Hidden Testcases server unreachable.", "problem_id": "ads2_m6_a1_1", "user_id": "GundetiGnanika-20186026", "score": {"sample": {"0": {"execution_time": 0.39482903480529785, "passed": false}, "1": {"execution_time": 0.5689692497253418, "passed": false}, "2": {"execution_time": 0.5454163551330566, "passed": false}, "3": {"execution_time": 0.44820499420166016, "passed": false}, "4": {"execution_time": 0.5520355701446533, "passed": false}, "5": {"execution_time": 0.55240797996521, "passed": false}, "6": {"execution_time": 0.4063997268676758, "passed": false}, "7": {"execution_time": 0.5361621379852295, "passed": false}, "8": {"execution_time": 0.4227583408355713, "passed": false}, "9": {"execution_time": 0.6652941703796387, "passed": false}, "10": {"execution_time": 0.42446422576904297, "passed": false}, "11": {"execution_time": 0.42906999588012695, "passed": false}}}, "check_style_score": "0/1"}