{"version": "1", "message": "ERROR: Hidden Testcases server unreachable.", "problem_id": "ads2_m6_a1_1", "user_id": "GundetiGnanika-20186026", "score": {"sample": {"0": {"execution_time": 0.4703507423400879, "passed": false}, "1": {"execution_time": 0.7282419204711914, "passed": false}, "2": {"execution_time": 0.49911952018737793, "passed": false}, "3": {"execution_time": 0.49135899543762207, "passed": false}, "4": {"execution_time": 0.39513683319091797, "passed": false}, "5": {"execution_time": 0.4878413677215576, "passed": false}, "6": {"execution_time": 0.40331172943115234, "passed": false}, "7": {"execution_time": 0.34070920944213867, "passed": false}, "8": {"execution_time": 0.46596336364746094, "passed": false}, "9": {"execution_time": 0.4118983745574951, "passed": false}, "10": {"execution_time": 0.6022639274597168, "passed": false}, "11": {"execution_time": 0.45806217193603516, "passed": false}}}, "check_style_score": "0/1"}