{"version": "1", "message": "ERROR: Hidden Testcases server unreachable.", "problem_id": "ads2_m6_a1_1", "user_id": "GundetiGnanika-20186026", "score": {"sample": {"0": {"execution_time": 0.6526710987091064, "passed": false}, "1": {"execution_time": 0.4550948143005371, "passed": false}, "2": {"execution_time": 0.49373936653137207, "passed": false}, "3": {"execution_time": 0.6120860576629639, "passed": false}, "4": {"execution_time": 0.5129055976867676, "passed": false}, "5": {"execution_time": 0.557948112487793, "passed": false}, "6": {"execution_time": 0.3847696781158447, "passed": false}, "7": {"execution_time": 0.5218467712402344, "passed": false}, "8": {"execution_time": 0.5363063812255859, "passed": false}, "9": {"execution_time": 0.6103956699371338, "passed": false}, "10": {"execution_time": 0.4171574115753174, "passed": false}, "11": {"execution_time": 0.47006702423095703, "passed": false}}}, "check_style_score": "0/1"}