{"version": "1", "message": "ERROR: Hidden Testcases server unreachable.", "problem_id": "ads2_m6_a1_1", "user_id": "GundetiGnanika-20186026", "score": {"sample": {"0": {"execution_time": 0.5435099601745605, "passed": false}, "1": {"execution_time": 0.5050318241119385, "passed": false}, "2": {"execution_time": 0.5595502853393555, "passed": false}, "3": {"execution_time": 0.4498910903930664, "passed": false}, "4": {"execution_time": 0.561767578125, "passed": false}, "5": {"execution_time": 0.4825129508972168, "passed": false}, "6": {"execution_time": 0.5034506320953369, "passed": false}, "7": {"execution_time": 0.46623754501342773, "passed": false}, "8": {"execution_time": 0.5382134914398193, "passed": false}, "9": {"execution_time": 0.5660696029663086, "passed": false}, "10": {"execution_time": 0.6200330257415771, "passed": false}, "11": {"execution_time": 0.33338403701782227, "passed": false}}}, "check_style_score": "0/1"}