{"version": "1", "message": "ERROR: Hidden Testcases server unreachable.", "problem_id": "ads2_m6_a1_1", "user_id": "GundetiGnanika-20186026", "score": {"sample": {"0": {"execution_time": 0.2524080276489258, "passed": false}, "1": {"execution_time": 0.505723237991333, "passed": false}, "2": {"execution_time": 0.43988895416259766, "passed": false}, "3": {"execution_time": 0.4759643077850342, "passed": false}, "4": {"execution_time": 0.487978458404541, "passed": false}, "5": {"execution_time": 0.4691808223724365, "passed": true}, "6": {"execution_time": 0.424407958984375, "passed": true}, "7": {"execution_time": 0.5872962474822998, "passed": false}, "8": {"execution_time": 0.47361254692077637, "passed": true}, "9": {"execution_time": 0.37339019775390625, "passed": false}, "10": {"execution_time": 0.4600663185119629, "passed": true}, "11": {"execution_time": 0.449155330657959, "passed": false}}}, "check_style_score": "0/1"}