{"version": "1", "message": "ERROR: Hidden Testcases server unreachable.", "problem_id": "ads2_m6_a1_1", "user_id": "GundetiGnanika-20186026", "score": {"sample": {"0": {"execution_time": 0.282611608505249, "passed": false}, "1": {"execution_time": 0.22683143615722656, "passed": false}, "2": {"execution_time": 0.1947774887084961, "passed": false}, "3": {"execution_time": 0.2621603012084961, "passed": false}, "4": {"execution_time": 0.19989371299743652, "passed": false}, "5": {"execution_time": 0.2631969451904297, "passed": false}, "6": {"execution_time": 0.22104716300964355, "passed": false}, "7": {"execution_time": 0.19107890129089355, "passed": false}, "8": {"execution_time": 0.20499753952026367, "passed": false}, "9": {"execution_time": 0.22061681747436523, "passed": false}, "10": {"execution_time": 0.20314621925354004, "passed": false}, "11": {"execution_time": 0.2543015480041504, "passed": false}}}, "check_style_score": "0/1"}