{"version": "1", "message": "ERROR: Hidden Testcases server unreachable.", "problem_id": "ads2_m6_a1_1", "user_id": "GundetiGnanika-20186026", "score": {"sample": {"0": {"execution_time": 0.49793267250061035, "passed": false}, "1": {"execution_time": 0.4134256839752197, "passed": false}, "2": {"execution_time": 0.43184852600097656, "passed": false}, "3": {"execution_time": 0.45430445671081543, "passed": false}, "4": {"execution_time": 0.9267258644104004, "passed": false}, "5": {"execution_time": 0.5197956562042236, "passed": true}, "6": {"execution_time": 0.6651856899261475, "passed": true}, "7": {"execution_time": 0.29908084869384766, "passed": false}, "8": {"execution_time": 0.417327880859375, "passed": true}, "9": {"execution_time": 0.47407102584838867, "passed": false}, "10": {"execution_time": 0.41550326347351074, "passed": true}, "11": {"execution_time": 0.4237396717071533, "passed": false}}}, "check_style_score": "0/1"}